name,height,weight,base_experience,hp,attack,defense,special-attack,special-defense,speed,type_list,ability_list
bulbasaur,7,69,64,45,49,49,65,65,45,"['grass', 'poison']","['overgrow', 'chlorophyll']"
ivysaur,10,130,142,60,62,63,80,80,60,"['grass', 'poison']","['overgrow', 'chlorophyll']"
venusaur,20,1000,236,80,82,83,100,100,80,"['grass', 'poison']","['overgrow', 'chlorophyll']"
charmander,6,85,62,39,52,43,60,50,65,['fire'],"['blaze', 'solar-power']"
charmeleon,11,190,142,58,64,58,80,65,80,['fire'],"['blaze', 'solar-power']"
charizard,17,905,240,78,84,78,109,85,100,"['fire', 'flying']","['blaze', 'solar-power']"
squirtle,5,90,63,44,48,65,50,64,43,['water'],"['torrent', 'rain-dish']"
wartortle,10,225,142,59,63,80,65,80,58,['water'],"['torrent', 'rain-dish']"
blastoise,16,855,239,79,83,100,85,105,78,['water'],"['torrent', 'rain-dish']"
caterpie,3,29,39,45,30,35,20,20,45,['bug'],"['shield-dust', 'run-away']"
metapod,7,99,72,50,20,55,25,25,30,['bug'],['shed-skin']
butterfree,11,320,178,60,45,50,90,80,70,"['bug', 'flying']","['compound-eyes', 'tinted-lens']"
weedle,3,32,39,40,35,30,20,20,50,"['bug', 'poison']","['shield-dust', 'run-away']"
kakuna,6,100,72,45,25,50,25,25,35,"['bug', 'poison']",['shed-skin']
beedrill,10,295,178,65,90,40,45,80,75,"['bug', 'poison']","['swarm', 'sniper']"
pidgey,3,18,50,40,45,40,35,35,56,"['normal', 'flying']","['keen-eye', 'tangled-feet', 'big-pecks']"
pidgeotto,11,300,122,63,60,55,50,50,71,"['normal', 'flying']","['keen-eye', 'tangled-feet', 'big-pecks']"
pidgeot,15,395,216,83,80,75,70,70,101,"['normal', 'flying']","['keen-eye', 'tangled-feet', 'big-pecks']"
rattata,3,35,51,30,56,35,25,35,72,['normal'],"['run-away', 'guts', 'hustle']"
raticate,7,185,145,55,81,60,50,70,97,['normal'],"['run-away', 'guts', 'hustle']"
spearow,3,20,52,40,60,30,31,31,70,"['normal', 'flying']","['keen-eye', 'sniper']"
fearow,12,380,155,65,90,65,61,61,100,"['normal', 'flying']","['keen-eye', 'sniper']"
ekans,20,69,58,35,60,44,40,54,55,['poison'],"['intimidate', 'shed-skin', 'unnerve']"
arbok,35,650,157,60,95,69,65,79,80,['poison'],"['intimidate', 'shed-skin', 'unnerve']"
pikachu,4,60,112,35,55,40,50,50,90,['electric'],"['static', 'lightning-rod']"
raichu,8,300,218,60,90,55,90,80,110,['electric'],"['static', 'lightning-rod']"
sandshrew,6,120,60,50,75,85,20,30,40,['ground'],"['sand-veil', 'sand-rush']"
sandslash,10,295,158,75,100,110,45,55,65,['ground'],"['sand-veil', 'sand-rush']"
nidoran-f,4,70,55,55,47,52,40,40,41,['poison'],"['poison-point', 'rivalry', 'hustle']"
nidorina,8,200,128,70,62,67,55,55,56,['poison'],"['poison-point', 'rivalry', 'hustle']"
nidoqueen,13,600,227,90,92,87,75,85,76,"['poison', 'ground']","['poison-point', 'rivalry', 'sheer-force']"
nidoran-m,5,90,55,46,57,40,40,40,50,['poison'],"['poison-point', 'rivalry', 'hustle']"
nidorino,9,195,128,61,72,57,55,55,65,['poison'],"['poison-point', 'rivalry', 'hustle']"
nidoking,14,620,227,81,102,77,85,75,85,"['poison', 'ground']","['poison-point', 'rivalry', 'sheer-force']"
clefairy,6,75,113,70,45,48,60,65,35,['fairy'],"['cute-charm', 'magic-guard', 'friend-guard']"
clefable,13,400,217,95,70,73,95,90,60,['fairy'],"['cute-charm', 'magic-guard', 'unaware']"
vulpix,6,99,60,38,41,40,50,65,65,['fire'],"['flash-fire', 'drought']"
ninetales,11,199,177,73,76,75,81,100,100,['fire'],"['flash-fire', 'drought']"
jigglypuff,5,55,95,115,45,20,45,25,20,"['normal', 'fairy']","['cute-charm', 'competitive', 'friend-guard']"
wigglytuff,10,120,196,140,70,45,85,50,45,"['normal', 'fairy']","['cute-charm', 'competitive', 'frisk']"
zubat,8,75,49,40,45,35,30,40,55,"['poison', 'flying']","['inner-focus', 'infiltrator']"
golbat,16,550,159,75,80,70,65,75,90,"['poison', 'flying']","['inner-focus', 'infiltrator']"
oddish,5,54,64,45,50,55,75,65,30,"['grass', 'poison']","['chlorophyll', 'run-away']"
gloom,8,86,138,60,65,70,85,75,40,"['grass', 'poison']","['chlorophyll', 'stench']"
vileplume,12,186,221,75,80,85,110,90,50,"['grass', 'poison']","['chlorophyll', 'effect-spore']"
paras,3,54,57,35,70,55,45,55,25,"['bug', 'grass']","['effect-spore', 'dry-skin', 'damp']"
parasect,10,295,142,60,95,80,60,80,30,"['bug', 'grass']","['effect-spore', 'dry-skin', 'damp']"
venonat,10,300,61,60,55,50,40,55,45,"['bug', 'poison']","['compound-eyes', 'tinted-lens', 'run-away']"
venomoth,15,125,158,70,65,60,90,75,90,"['bug', 'poison']","['shield-dust', 'tinted-lens', 'wonder-skin']"
diglett,2,8,53,10,55,25,35,45,95,['ground'],"['sand-veil', 'arena-trap', 'sand-force']"
dugtrio,7,333,149,35,100,50,50,70,120,['ground'],"['sand-veil', 'arena-trap', 'sand-force']"
meowth,4,42,58,40,45,35,40,40,90,['normal'],"['pickup', 'technician', 'unnerve']"
persian,10,320,154,65,70,60,65,65,115,['normal'],"['limber', 'technician', 'unnerve']"
psyduck,8,196,64,50,52,48,65,50,55,['water'],"['damp', 'cloud-nine', 'swift-swim']"
golduck,17,766,175,80,82,78,95,80,85,['water'],"['damp', 'cloud-nine', 'swift-swim']"
mankey,5,280,61,40,80,35,35,45,70,['fighting'],"['vital-spirit', 'anger-point', 'defiant']"
primeape,10,320,159,65,105,60,60,70,95,['fighting'],"['vital-spirit', 'anger-point', 'defiant']"
growlithe,7,190,70,55,70,45,70,50,60,['fire'],"['intimidate', 'flash-fire', 'justified']"
arcanine,19,1550,194,90,110,80,100,80,95,['fire'],"['intimidate', 'flash-fire', 'justified']"
poliwag,6,124,60,40,50,40,40,40,90,['water'],"['water-absorb', 'damp', 'swift-swim']"
poliwhirl,10,200,135,65,65,65,50,50,90,['water'],"['water-absorb', 'damp', 'swift-swim']"
poliwrath,13,540,230,90,95,95,70,90,70,"['water', 'fighting']","['water-absorb', 'damp', 'swift-swim']"
abra,9,195,62,25,20,15,105,55,90,['psychic'],"['synchronize', 'inner-focus', 'magic-guard']"
kadabra,13,565,140,40,35,30,120,70,105,['psychic'],"['synchronize', 'inner-focus', 'magic-guard']"
alakazam,15,480,225,55,50,45,135,95,120,['psychic'],"['synchronize', 'inner-focus', 'magic-guard']"
machop,8,195,61,70,80,50,35,35,35,['fighting'],"['guts', 'no-guard', 'steadfast']"
machoke,15,705,142,80,100,70,50,60,45,['fighting'],"['guts', 'no-guard', 'steadfast']"
machamp,16,1300,227,90,130,80,65,85,55,['fighting'],"['guts', 'no-guard', 'steadfast']"
bellsprout,7,40,60,50,75,35,70,30,40,"['grass', 'poison']","['chlorophyll', 'gluttony']"
weepinbell,10,64,137,65,90,50,85,45,55,"['grass', 'poison']","['chlorophyll', 'gluttony']"
victreebel,17,155,221,80,105,65,100,70,70,"['grass', 'poison']","['chlorophyll', 'gluttony']"
tentacool,9,455,67,40,40,35,50,100,70,"['water', 'poison']","['clear-body', 'liquid-ooze', 'rain-dish']"
tentacruel,16,550,180,80,70,65,80,120,100,"['water', 'poison']","['clear-body', 'liquid-ooze', 'rain-dish']"
geodude,4,200,60,40,80,100,30,30,20,"['rock', 'ground']","['rock-head', 'sturdy', 'sand-veil']"
graveler,10,1050,137,55,95,115,45,45,35,"['rock', 'ground']","['rock-head', 'sturdy', 'sand-veil']"
golem,14,3000,223,80,120,130,55,65,45,"['rock', 'ground']","['rock-head', 'sturdy', 'sand-veil']"
ponyta,10,300,82,50,85,55,65,65,90,['fire'],"['run-away', 'flash-fire', 'flame-body']"
rapidash,17,950,175,65,100,70,80,80,105,['fire'],"['run-away', 'flash-fire', 'flame-body']"
slowpoke,12,360,63,90,65,65,40,40,15,"['water', 'psychic']","['oblivious', 'own-tempo', 'regenerator']"
slowbro,16,785,172,95,75,110,100,80,30,"['water', 'psychic']","['oblivious', 'own-tempo', 'regenerator']"
magnemite,3,60,65,25,35,70,95,55,45,"['electric', 'steel']","['magnet-pull', 'sturdy', 'analytic']"
magneton,10,600,163,50,60,95,120,70,70,"['electric', 'steel']","['magnet-pull', 'sturdy', 'analytic']"
farfetchd,8,150,132,52,90,55,58,62,60,"['normal', 'flying']","['keen-eye', 'inner-focus', 'defiant']"
doduo,14,392,62,35,85,45,35,35,75,"['normal', 'flying']","['run-away', 'early-bird', 'tangled-feet']"
dodrio,18,852,165,60,110,70,60,60,110,"['normal', 'flying']","['run-away', 'early-bird', 'tangled-feet']"
seel,11,900,65,65,45,55,45,70,45,['water'],"['thick-fat', 'hydration', 'ice-body']"
dewgong,17,1200,166,90,70,80,70,95,70,"['water', 'ice']","['thick-fat', 'hydration', 'ice-body']"
grimer,9,300,65,80,80,50,40,50,25,['poison'],"['stench', 'sticky-hold', 'poison-touch']"
muk,12,300,175,105,105,75,65,100,50,['poison'],"['stench', 'sticky-hold', 'poison-touch']"
shellder,3,40,61,30,65,100,45,25,40,['water'],"['shell-armor', 'skill-link', 'overcoat']"
cloyster,15,1325,184,50,95,180,85,45,70,"['water', 'ice']","['shell-armor', 'skill-link', 'overcoat']"
gastly,13,1,62,30,35,30,100,35,80,"['ghost', 'poison']",['levitate']
haunter,16,1,142,45,50,45,115,55,95,"['ghost', 'poison']",['levitate']
gengar,15,405,225,60,65,60,130,75,110,"['ghost', 'poison']",['cursed-body']
onix,88,2100,77,35,45,160,30,45,70,"['rock', 'ground']","['rock-head', 'sturdy', 'weak-armor']"
drowzee,10,324,66,60,48,45,43,90,42,['psychic'],"['insomnia', 'forewarn', 'inner-focus']"
hypno,16,756,169,85,73,70,73,115,67,['psychic'],"['insomnia', 'forewarn', 'inner-focus']"
krabby,4,65,65,30,105,90,25,25,50,['water'],"['hyper-cutter', 'shell-armor', 'sheer-force']"
kingler,13,600,166,55,130,115,50,50,75,['water'],"['hyper-cutter', 'shell-armor', 'sheer-force']"
voltorb,5,104,66,40,30,50,55,55,100,['electric'],"['soundproof', 'static', 'aftermath']"
electrode,12,666,172,60,50,70,80,80,150,['electric'],"['soundproof', 'static', 'aftermath']"
exeggcute,4,25,65,60,40,80,60,45,40,"['grass', 'psychic']","['chlorophyll', 'harvest']"
exeggutor,20,1200,186,95,95,85,125,75,55,"['grass', 'psychic']","['chlorophyll', 'harvest']"
cubone,4,65,64,50,50,95,40,50,35,['ground'],"['rock-head', 'lightning-rod', 'battle-armor']"
marowak,10,450,149,60,80,110,50,80,45,['ground'],"['rock-head', 'lightning-rod', 'battle-armor']"
hitmonlee,15,498,159,50,120,53,35,110,87,['fighting'],"['limber', 'reckless', 'unburden']"
hitmonchan,14,502,159,50,105,79,35,110,76,['fighting'],"['keen-eye', 'iron-fist', 'inner-focus']"
lickitung,12,655,77,90,55,75,60,75,30,['normal'],"['own-tempo', 'oblivious', 'cloud-nine']"
koffing,6,10,68,40,65,95,60,45,35,['poison'],"['levitate', 'neutralizing-gas', 'stench']"
weezing,12,95,172,65,90,120,85,70,60,['poison'],"['levitate', 'neutralizing-gas', 'stench']"
rhyhorn,10,1150,69,80,85,95,30,30,25,"['ground', 'rock']","['lightning-rod', 'rock-head', 'reckless']"
rhydon,19,1200,170,105,130,120,45,45,40,"['ground', 'rock']","['lightning-rod', 'rock-head', 'reckless']"
chansey,11,346,395,250,5,5,35,105,50,['normal'],"['natural-cure', 'serene-grace', 'healer']"
tangela,10,350,87,65,55,115,100,40,60,['grass'],"['chlorophyll', 'leaf-guard', 'regenerator']"
kangaskhan,22,800,172,105,95,80,40,80,90,['normal'],"['early-bird', 'scrappy', 'inner-focus']"
horsea,4,80,59,30,40,70,70,25,60,['water'],"['swift-swim', 'sniper', 'damp']"
seadra,12,250,154,55,65,95,95,45,85,['water'],"['poison-point', 'sniper', 'damp']"
goldeen,6,150,64,45,67,60,35,50,63,['water'],"['swift-swim', 'water-veil', 'lightning-rod']"
seaking,13,390,158,80,92,65,65,80,68,['water'],"['swift-swim', 'water-veil', 'lightning-rod']"
staryu,8,345,68,30,45,55,70,55,85,['water'],"['illuminate', 'natural-cure', 'analytic']"
starmie,11,800,182,60,75,85,100,85,115,"['water', 'psychic']","['illuminate', 'natural-cure', 'analytic']"
mr-mime,13,545,161,40,45,65,100,120,90,"['psychic', 'fairy']","['soundproof', 'filter', 'technician']"
scyther,15,560,100,70,110,80,55,80,105,"['bug', 'flying']","['swarm', 'technician', 'steadfast']"
jynx,14,406,159,65,50,35,115,95,95,"['ice', 'psychic']","['oblivious', 'forewarn', 'dry-skin']"
electabuzz,11,300,172,65,83,57,95,85,105,['electric'],"['static', 'vital-spirit']"
magmar,13,445,173,65,95,57,100,85,93,['fire'],"['flame-body', 'vital-spirit']"
pinsir,15,550,175,65,125,100,55,70,85,['bug'],"['hyper-cutter', 'mold-breaker', 'moxie']"
tauros,14,884,172,75,100,95,40,70,110,['normal'],"['intimidate', 'anger-point', 'sheer-force']"
magikarp,9,100,40,20,10,55,15,20,80,['water'],"['swift-swim', 'rattled']"
gyarados,65,2350,189,95,125,79,60,100,81,"['water', 'flying']","['intimidate', 'moxie']"
lapras,25,2200,187,130,85,80,85,95,60,"['water', 'ice']","['water-absorb', 'shell-armor', 'hydration']"
ditto,3,40,101,48,48,48,48,48,48,['normal'],"['limber', 'imposter']"
eevee,3,65,65,55,55,50,45,65,55,['normal'],"['run-away', 'adaptability', 'anticipation']"
vaporeon,10,290,184,130,65,60,110,95,65,['water'],"['water-absorb', 'hydration']"
jolteon,8,245,184,65,65,60,110,95,130,['electric'],"['volt-absorb', 'quick-feet']"
flareon,9,250,184,65,130,60,95,110,65,['fire'],"['flash-fire', 'guts']"
porygon,8,365,79,65,60,70,85,75,40,['normal'],"['trace', 'download', 'analytic']"
omanyte,4,75,71,35,40,100,90,55,35,"['rock', 'water']","['swift-swim', 'shell-armor', 'weak-armor']"
omastar,10,350,173,70,60,125,115,70,55,"['rock', 'water']","['swift-swim', 'shell-armor', 'weak-armor']"
kabuto,5,115,71,30,80,90,55,45,55,"['rock', 'water']","['swift-swim', 'battle-armor', 'weak-armor']"
kabutops,13,405,173,60,115,105,65,70,80,"['rock', 'water']","['swift-swim', 'battle-armor', 'weak-armor']"
aerodactyl,18,590,180,80,105,65,60,75,130,"['rock', 'flying']","['rock-head', 'pressure', 'unnerve']"
snorlax,21,4600,189,160,110,65,65,110,30,['normal'],"['immunity', 'thick-fat', 'gluttony']"
articuno,17,554,261,90,85,100,95,125,85,"['ice', 'flying']","['pressure', 'snow-cloak']"
zapdos,16,526,261,90,90,85,125,90,100,"['electric', 'flying']","['pressure', 'static']"
moltres,20,600,261,90,100,90,125,85,90,"['fire', 'flying']","['pressure', 'flame-body']"
dratini,18,33,60,41,64,45,50,50,50,['dragon'],"['shed-skin', 'marvel-scale']"
dragonair,40,165,147,61,84,65,70,70,70,['dragon'],"['shed-skin', 'marvel-scale']"
dragonite,22,2100,270,91,134,95,100,100,80,"['dragon', 'flying']","['inner-focus', 'multiscale']"
mewtwo,20,1220,306,106,110,90,154,90,130,['psychic'],"['pressure', 'unnerve']"
mew,4,40,270,100,100,100,100,100,100,['psychic'],['synchronize']
chikorita,9,64,64,45,49,65,49,65,45,['grass'],"['overgrow', 'leaf-guard']"
bayleef,12,158,142,60,62,80,63,80,60,['grass'],"['overgrow', 'leaf-guard']"
meganium,18,1005,236,80,82,100,83,100,80,['grass'],"['overgrow', 'leaf-guard']"
cyndaquil,5,79,62,39,52,43,60,50,65,['fire'],"['blaze', 'flash-fire']"
quilava,9,190,142,58,64,58,80,65,80,['fire'],"['blaze', 'flash-fire']"
typhlosion,17,795,240,78,84,78,109,85,100,['fire'],"['blaze', 'flash-fire']"
totodile,6,95,63,50,65,64,44,48,43,['water'],"['torrent', 'sheer-force']"
croconaw,11,250,142,65,80,80,59,63,58,['water'],"['torrent', 'sheer-force']"
feraligatr,23,888,239,85,105,100,79,83,78,['water'],"['torrent', 'sheer-force']"
sentret,8,60,43,35,46,34,35,45,20,['normal'],"['run-away', 'keen-eye', 'frisk']"
furret,18,325,145,85,76,64,45,55,90,['normal'],"['run-away', 'keen-eye', 'frisk']"
hoothoot,7,212,52,60,30,30,36,56,50,"['normal', 'flying']","['insomnia', 'keen-eye', 'tinted-lens']"
noctowl,16,408,158,100,50,50,86,96,70,"['normal', 'flying']","['insomnia', 'keen-eye', 'tinted-lens']"
ledyba,10,108,53,40,20,30,40,80,55,"['bug', 'flying']","['swarm', 'early-bird', 'rattled']"
ledian,14,356,137,55,35,50,55,110,85,"['bug', 'flying']","['swarm', 'early-bird', 'iron-fist']"
spinarak,5,85,50,40,60,40,40,40,30,"['bug', 'poison']","['swarm', 'insomnia', 'sniper']"
ariados,11,335,140,70,90,70,60,70,40,"['bug', 'poison']","['swarm', 'insomnia', 'sniper']"
crobat,18,750,241,85,90,80,70,80,130,"['poison', 'flying']","['inner-focus', 'infiltrator']"
chinchou,5,120,66,75,38,38,56,56,67,"['water', 'electric']","['volt-absorb', 'illuminate', 'water-absorb']"
lanturn,12,225,161,125,58,58,76,76,67,"['water', 'electric']","['volt-absorb', 'illuminate', 'water-absorb']"
pichu,3,20,41,20,40,15,35,35,60,['electric'],"['static', 'lightning-rod']"
cleffa,3,30,44,50,25,28,45,55,15,['fairy'],"['cute-charm', 'magic-guard', 'friend-guard']"
igglybuff,3,10,42,90,30,15,40,20,15,"['normal', 'fairy']","['cute-charm', 'competitive', 'friend-guard']"
togepi,3,15,49,35,20,65,40,65,20,['fairy'],"['hustle', 'serene-grace', 'super-luck']"
togetic,6,32,142,55,40,85,80,105,40,"['fairy', 'flying']","['hustle', 'serene-grace', 'super-luck']"
natu,2,20,64,40,50,45,70,45,70,"['psychic', 'flying']","['synchronize', 'early-bird', 'magic-bounce']"
xatu,15,150,165,65,75,70,95,70,95,"['psychic', 'flying']","['synchronize', 'early-bird', 'magic-bounce']"
mareep,6,78,56,55,40,40,65,45,35,['electric'],"['static', 'plus']"
flaaffy,8,133,128,70,55,55,80,60,45,['electric'],"['static', 'plus']"
ampharos,14,615,230,90,75,85,115,90,55,['electric'],"['static', 'plus']"
bellossom,4,58,221,75,80,95,90,100,50,['grass'],"['chlorophyll', 'healer']"
marill,4,85,88,70,20,50,20,50,40,"['water', 'fairy']","['thick-fat', 'huge-power', 'sap-sipper']"
azumarill,8,285,189,100,50,80,60,80,50,"['water', 'fairy']","['thick-fat', 'huge-power', 'sap-sipper']"
sudowoodo,12,380,144,70,100,115,30,65,30,['rock'],"['sturdy', 'rock-head', 'rattled']"
politoed,11,339,225,90,75,75,90,100,70,['water'],"['water-absorb', 'damp', 'drizzle']"
hoppip,4,5,50,35,35,40,35,55,50,"['grass', 'flying']","['chlorophyll', 'leaf-guard', 'infiltrator']"
skiploom,6,10,119,55,45,50,45,65,80,"['grass', 'flying']","['chlorophyll', 'leaf-guard', 'infiltrator']"
jumpluff,8,30,207,75,55,70,55,95,110,"['grass', 'flying']","['chlorophyll', 'leaf-guard', 'infiltrator']"
aipom,8,115,72,55,70,55,40,55,85,['normal'],"['run-away', 'pickup', 'skill-link']"
sunkern,3,18,36,30,30,30,30,30,30,['grass'],"['chlorophyll', 'solar-power', 'early-bird']"
sunflora,8,85,149,75,75,55,105,85,30,['grass'],"['chlorophyll', 'solar-power', 'early-bird']"
yanma,12,380,78,65,65,45,75,45,95,"['bug', 'flying']","['speed-boost', 'compound-eyes', 'frisk']"
wooper,4,85,42,55,45,45,25,25,15,"['water', 'ground']","['damp', 'water-absorb', 'unaware']"
quagsire,14,750,151,95,85,85,65,65,35,"['water', 'ground']","['damp', 'water-absorb', 'unaware']"
espeon,9,265,184,65,65,60,130,95,110,['psychic'],"['synchronize', 'magic-bounce']"
umbreon,10,270,184,95,65,110,60,130,65,['dark'],"['synchronize', 'inner-focus']"
murkrow,5,21,81,60,85,42,85,42,91,"['dark', 'flying']","['insomnia', 'super-luck', 'prankster']"
slowking,20,795,172,95,75,80,100,110,30,"['water', 'psychic']","['oblivious', 'own-tempo', 'regenerator']"
misdreavus,7,10,87,60,60,60,85,85,85,['ghost'],['levitate']
unown,5,50,118,48,72,48,72,48,48,['psychic'],['levitate']
wobbuffet,13,285,142,190,33,58,33,58,33,['psychic'],"['shadow-tag', 'telepathy']"
girafarig,15,415,159,70,80,65,90,65,85,"['normal', 'psychic']","['inner-focus', 'early-bird', 'sap-sipper']"
pineco,6,72,58,50,65,90,35,35,15,['bug'],"['sturdy', 'overcoat']"
forretress,12,1258,163,75,90,140,60,60,40,"['bug', 'steel']","['sturdy', 'overcoat']"
dunsparce,15,140,145,100,70,70,65,65,45,['normal'],"['serene-grace', 'run-away', 'rattled']"
gligar,11,648,86,65,75,105,35,65,85,"['ground', 'flying']","['hyper-cutter', 'sand-veil', 'immunity']"
steelix,92,4000,179,75,85,200,55,65,30,"['steel', 'ground']","['rock-head', 'sturdy', 'sheer-force']"
snubbull,6,78,60,60,80,50,40,40,30,['fairy'],"['intimidate', 'run-away', 'rattled']"
granbull,14,487,158,90,120,75,60,60,45,['fairy'],"['intimidate', 'quick-feet', 'rattled']"
qwilfish,5,39,88,65,95,85,55,55,85,"['water', 'poison']","['poison-point', 'swift-swim', 'intimidate']"
scizor,18,1180,175,70,130,100,55,80,65,"['bug', 'steel']","['swarm', 'technician', 'light-metal']"
shuckle,6,205,177,20,10,230,10,230,5,"['bug', 'rock']","['sturdy', 'gluttony', 'contrary']"
heracross,15,540,175,80,125,75,40,95,85,"['bug', 'fighting']","['swarm', 'guts', 'moxie']"
sneasel,9,280,86,55,95,55,35,75,115,"['dark', 'ice']","['inner-focus', 'keen-eye', 'pickpocket']"
teddiursa,6,88,66,60,80,50,50,50,40,['normal'],"['pickup', 'quick-feet', 'honey-gather']"
ursaring,18,1258,175,90,130,75,75,75,55,['normal'],"['guts', 'quick-feet', 'unnerve']"
slugma,7,350,50,40,40,40,70,40,20,['fire'],"['magma-armor', 'flame-body', 'weak-armor']"
magcargo,8,550,151,60,50,120,90,80,30,"['fire', 'rock']","['magma-armor', 'flame-body', 'weak-armor']"
swinub,4,65,50,50,50,40,30,30,50,"['ice', 'ground']","['oblivious', 'snow-cloak', 'thick-fat']"
piloswine,11,558,158,100,100,80,60,60,50,"['ice', 'ground']","['oblivious', 'snow-cloak', 'thick-fat']"
corsola,6,50,144,65,55,95,65,95,35,"['water', 'rock']","['hustle', 'natural-cure', 'regenerator']"
remoraid,6,120,60,35,65,35,65,35,65,['water'],"['hustle', 'sniper', 'moody']"
octillery,9,285,168,75,105,75,105,75,45,['water'],"['suction-cups', 'sniper', 'moody']"
delibird,9,160,116,45,55,45,65,45,75,"['ice', 'flying']","['vital-spirit', 'hustle', 'insomnia']"
mantine,21,2200,170,85,40,70,80,140,70,"['water', 'flying']","['swift-swim', 'water-absorb', 'water-veil']"
skarmory,17,505,163,65,80,140,40,70,70,"['steel', 'flying']","['keen-eye', 'sturdy', 'weak-armor']"
houndour,6,108,66,45,60,30,80,50,65,"['dark', 'fire']","['early-bird', 'flash-fire', 'unnerve']"
houndoom,14,350,175,75,90,50,110,80,95,"['dark', 'fire']","['early-bird', 'flash-fire', 'unnerve']"
kingdra,18,1520,243,75,95,95,95,95,85,"['water', 'dragon']","['swift-swim', 'sniper', 'damp']"
phanpy,5,335,66,90,60,60,40,40,40,['ground'],"['pickup', 'sand-veil']"
donphan,11,1200,175,90,120,120,60,60,50,['ground'],"['sturdy', 'sand-veil']"
porygon2,6,325,180,85,80,90,105,95,60,['normal'],"['trace', 'download', 'analytic']"
stantler,14,712,163,73,95,62,85,65,85,['normal'],"['intimidate', 'frisk', 'sap-sipper']"
smeargle,12,580,88,55,20,35,20,45,75,['normal'],"['own-tempo', 'technician', 'moody']"
tyrogue,7,210,42,35,35,35,35,35,35,['fighting'],"['guts', 'steadfast', 'vital-spirit']"
hitmontop,14,480,159,50,95,95,35,110,70,['fighting'],"['intimidate', 'technician', 'steadfast']"
smoochum,4,60,61,45,30,15,85,65,65,"['ice', 'psychic']","['oblivious', 'forewarn', 'hydration']"
elekid,6,235,72,45,63,37,65,55,95,['electric'],"['static', 'vital-spirit']"
magby,7,214,73,45,75,37,70,55,83,['fire'],"['flame-body', 'vital-spirit']"
miltank,12,755,172,95,80,105,40,70,100,['normal'],"['thick-fat', 'scrappy', 'sap-sipper']"
blissey,15,468,608,255,10,10,75,135,55,['normal'],"['natural-cure', 'serene-grace', 'healer']"
raikou,19,1780,261,90,85,75,115,100,115,['electric'],"['pressure', 'inner-focus']"
entei,21,1980,261,115,115,85,90,75,100,['fire'],"['pressure', 'inner-focus']"
suicune,20,1870,261,100,75,115,90,115,85,['water'],"['pressure', 'inner-focus']"
larvitar,6,720,60,50,64,50,45,50,41,"['rock', 'ground']","['guts', 'sand-veil']"
pupitar,12,1520,144,70,84,70,65,70,51,"['rock', 'ground']",['shed-skin']
tyranitar,20,2020,270,100,134,110,95,100,61,"['rock', 'dark']","['sand-stream', 'unnerve']"
lugia,52,2160,306,106,90,130,90,154,110,"['psychic', 'flying']","['pressure', 'multiscale']"
ho-oh,38,1990,306,106,130,90,110,154,90,"['fire', 'flying']","['pressure', 'regenerator']"
celebi,6,50,270,100,100,100,100,100,100,"['psychic', 'grass']",['natural-cure']
treecko,5,50,62,40,45,35,65,55,70,['grass'],"['overgrow', 'unburden']"
grovyle,9,216,142,50,65,45,85,65,95,['grass'],"['overgrow', 'unburden']"
sceptile,17,522,239,70,85,65,105,85,120,['grass'],"['overgrow', 'unburden']"
torchic,4,25,62,45,60,40,70,50,45,['fire'],"['blaze', 'speed-boost']"
combusken,9,195,142,60,85,60,85,60,55,"['fire', 'fighting']","['blaze', 'speed-boost']"
blaziken,19,520,239,80,120,70,110,70,80,"['fire', 'fighting']","['blaze', 'speed-boost']"
mudkip,4,76,62,50,70,50,50,50,40,['water'],"['torrent', 'damp']"
marshtomp,7,280,142,70,85,70,60,70,50,"['water', 'ground']","['torrent', 'damp']"
swampert,15,819,241,100,110,90,85,90,60,"['water', 'ground']","['torrent', 'damp']"
poochyena,5,136,56,35,55,35,30,30,35,['dark'],"['run-away', 'quick-feet', 'rattled']"
mightyena,10,370,147,70,90,70,60,60,70,['dark'],"['intimidate', 'quick-feet', 'moxie']"
zigzagoon,4,175,56,38,30,41,30,41,60,['normal'],"['pickup', 'gluttony', 'quick-feet']"
linoone,5,325,147,78,70,61,50,61,100,['normal'],"['pickup', 'gluttony', 'quick-feet']"
wurmple,3,36,56,45,45,35,20,30,20,['bug'],"['shield-dust', 'run-away']"
silcoon,6,100,72,50,35,55,25,25,15,['bug'],['shed-skin']
beautifly,10,284,178,60,70,50,100,50,65,"['bug', 'flying']","['swarm', 'rivalry']"
cascoon,7,115,72,50,35,55,25,25,15,['bug'],['shed-skin']
dustox,12,316,173,60,50,70,50,90,65,"['bug', 'poison']","['shield-dust', 'compound-eyes']"
lotad,5,26,44,40,30,30,40,50,30,"['water', 'grass']","['swift-swim', 'rain-dish', 'own-tempo']"
lombre,12,325,119,60,50,50,60,70,50,"['water', 'grass']","['swift-swim', 'rain-dish', 'own-tempo']"
ludicolo,15,550,216,80,70,70,90,100,70,"['water', 'grass']","['swift-swim', 'rain-dish', 'own-tempo']"
seedot,5,40,44,40,40,50,30,30,30,['grass'],"['chlorophyll', 'early-bird', 'pickpocket']"
nuzleaf,10,280,119,70,70,40,60,40,60,"['grass', 'dark']","['chlorophyll', 'early-bird', 'pickpocket']"
shiftry,13,596,216,90,100,60,90,60,80,"['grass', 'dark']","['chlorophyll', 'wind-rider', 'pickpocket']"
taillow,3,23,54,40,55,30,30,30,85,"['normal', 'flying']","['guts', 'scrappy']"
swellow,7,198,159,60,85,60,75,50,125,"['normal', 'flying']","['guts', 'scrappy']"
wingull,6,95,54,40,30,30,55,30,85,"['water', 'flying']","['keen-eye', 'hydration', 'rain-dish']"
pelipper,12,280,154,60,50,100,95,70,65,"['water', 'flying']","['keen-eye', 'drizzle', 'rain-dish']"
ralts,4,66,40,28,25,25,45,35,40,"['psychic', 'fairy']","['synchronize', 'trace', 'telepathy']"
kirlia,8,202,97,38,35,35,65,55,50,"['psychic', 'fairy']","['synchronize', 'trace', 'telepathy']"
gardevoir,16,484,233,68,65,65,125,115,80,"['psychic', 'fairy']","['synchronize', 'trace', 'telepathy']"
surskit,5,17,54,40,30,32,50,52,65,"['bug', 'water']","['swift-swim', 'rain-dish']"
masquerain,8,36,159,70,60,62,100,82,80,"['bug', 'flying']","['intimidate', 'unnerve']"
shroomish,4,45,59,60,40,60,40,60,35,['grass'],"['effect-spore', 'poison-heal', 'quick-feet']"
breloom,12,392,161,60,130,80,60,60,70,"['grass', 'fighting']","['effect-spore', 'poison-heal', 'technician']"
slakoth,8,240,56,60,60,60,35,35,30,['normal'],['truant']
vigoroth,14,465,154,80,80,80,55,55,90,['normal'],['vital-spirit']
slaking,20,1305,252,150,160,100,95,65,100,['normal'],['truant']
nincada,5,55,53,31,45,90,30,30,40,"['bug', 'ground']","['compound-eyes', 'run-away']"
ninjask,8,120,160,61,90,45,50,50,160,"['bug', 'flying']","['speed-boost', 'infiltrator']"
shedinja,8,12,83,1,90,45,30,30,40,"['bug', 'ghost']",['wonder-guard']
whismur,6,163,48,64,51,23,51,23,28,['normal'],"['soundproof', 'rattled']"
loudred,10,405,126,84,71,43,71,43,48,['normal'],"['soundproof', 'scrappy']"
exploud,15,840,221,104,91,63,91,73,68,['normal'],"['soundproof', 'scrappy']"
makuhita,10,864,47,72,60,30,20,30,25,['fighting'],"['thick-fat', 'guts', 'sheer-force']"
hariyama,23,2538,166,144,120,60,40,60,50,['fighting'],"['thick-fat', 'guts', 'sheer-force']"
azurill,2,20,38,50,20,40,20,40,20,"['normal', 'fairy']","['thick-fat', 'huge-power', 'sap-sipper']"
nosepass,10,970,75,30,45,135,45,90,30,['rock'],"['sturdy', 'magnet-pull', 'sand-force']"
skitty,6,110,52,50,45,45,35,35,50,['normal'],"['cute-charm', 'normalize', 'wonder-skin']"
delcatty,11,326,140,70,65,65,55,55,90,['normal'],"['cute-charm', 'normalize', 'wonder-skin']"
sableye,5,110,133,50,75,75,65,65,50,"['dark', 'ghost']","['keen-eye', 'stall', 'prankster']"
mawile,6,115,133,50,85,85,55,55,50,"['steel', 'fairy']","['hyper-cutter', 'intimidate', 'sheer-force']"
aron,4,600,66,50,70,100,40,40,30,"['steel', 'rock']","['sturdy', 'rock-head', 'heavy-metal']"
lairon,9,1200,151,60,90,140,50,50,40,"['steel', 'rock']","['sturdy', 'rock-head', 'heavy-metal']"
aggron,21,3600,239,70,110,180,60,60,50,"['steel', 'rock']","['sturdy', 'rock-head', 'heavy-metal']"
meditite,6,112,56,30,40,55,40,55,60,"['fighting', 'psychic']","['pure-power', 'telepathy']"
medicham,13,315,144,60,60,75,60,75,80,"['fighting', 'psychic']","['pure-power', 'telepathy']"
electrike,6,152,59,40,45,40,65,40,65,['electric'],"['static', 'lightning-rod', 'minus']"
manectric,15,402,166,70,75,60,105,60,105,['electric'],"['static', 'lightning-rod', 'minus']"
plusle,4,42,142,60,50,40,85,75,95,['electric'],"['plus', 'lightning-rod']"
minun,4,42,142,60,40,50,75,85,95,['electric'],"['minus', 'volt-absorb']"
volbeat,7,177,151,65,73,75,47,85,85,['bug'],"['illuminate', 'swarm', 'prankster']"
illumise,6,177,151,65,47,75,73,85,85,['bug'],"['oblivious', 'tinted-lens', 'prankster']"
roselia,3,20,140,50,60,45,100,80,65,"['grass', 'poison']","['natural-cure', 'poison-point', 'leaf-guard']"
gulpin,4,103,60,70,43,53,43,53,40,['poison'],"['liquid-ooze', 'sticky-hold', 'gluttony']"
swalot,17,800,163,100,73,83,73,83,55,['poison'],"['liquid-ooze', 'sticky-hold', 'gluttony']"
carvanha,8,208,61,45,90,20,65,20,65,"['water', 'dark']","['rough-skin', 'speed-boost']"
sharpedo,18,888,161,70,120,40,95,40,95,"['water', 'dark']","['rough-skin', 'speed-boost']"
wailmer,20,1300,80,130,70,35,70,35,60,['water'],"['water-veil', 'oblivious', 'pressure']"
wailord,145,3980,175,170,90,45,90,45,60,['water'],"['water-veil', 'oblivious', 'pressure']"
numel,7,240,61,60,60,40,65,45,35,"['fire', 'ground']","['oblivious', 'simple', 'own-tempo']"
camerupt,19,2200,161,70,100,70,105,75,40,"['fire', 'ground']","['magma-armor', 'solid-rock', 'anger-point']"
torkoal,5,804,165,70,85,140,85,70,20,['fire'],"['white-smoke', 'drought', 'shell-armor']"
spoink,7,306,66,60,25,35,70,80,60,['psychic'],"['thick-fat', 'own-tempo', 'gluttony']"
grumpig,9,715,165,80,45,65,90,110,80,['psychic'],"['thick-fat', 'own-tempo', 'gluttony']"
spinda,11,50,126,60,60,60,60,60,60,['normal'],"['own-tempo', 'tangled-feet', 'contrary']"
trapinch,7,150,58,45,100,45,45,45,10,['ground'],"['hyper-cutter', 'arena-trap', 'sheer-force']"
vibrava,11,153,119,50,70,50,50,50,70,"['ground', 'dragon']",['levitate']
flygon,20,820,234,80,100,80,80,80,100,"['ground', 'dragon']",['levitate']
cacnea,4,513,67,50,85,40,85,40,35,['grass'],"['sand-veil', 'water-absorb']"
cacturne,13,774,166,70,115,60,115,60,55,"['grass', 'dark']","['sand-veil', 'water-absorb']"
swablu,4,12,62,45,40,60,40,75,50,"['normal', 'flying']","['natural-cure', 'cloud-nine']"
altaria,11,206,172,75,70,90,70,105,80,"['dragon', 'flying']","['natural-cure', 'cloud-nine']"
zangoose,13,403,160,73,115,60,60,60,90,['normal'],"['immunity', 'toxic-boost']"
seviper,27,525,160,73,100,60,100,60,65,['poison'],"['shed-skin', 'infiltrator']"
lunatone,10,1680,161,90,55,65,95,85,70,"['rock', 'psychic']",['levitate']
solrock,12,1540,161,90,95,85,55,65,70,"['rock', 'psychic']",['levitate']
barboach,4,19,58,50,48,43,46,41,60,"['water', 'ground']","['oblivious', 'anticipation', 'hydration']"
whiscash,9,236,164,110,78,73,76,71,60,"['water', 'ground']","['oblivious', 'anticipation', 'hydration']"
corphish,6,115,62,43,80,65,50,35,35,['water'],"['hyper-cutter', 'shell-armor', 'adaptability']"
crawdaunt,11,328,164,63,120,85,90,55,55,"['water', 'dark']","['hyper-cutter', 'shell-armor', 'adaptability']"
baltoy,5,215,60,40,40,55,40,70,55,"['ground', 'psychic']",['levitate']
claydol,15,1080,175,60,70,105,70,120,75,"['ground', 'psychic']",['levitate']
lileep,10,238,71,66,41,77,61,87,23,"['rock', 'grass']","['suction-cups', 'storm-drain']"
cradily,15,604,173,86,81,97,81,107,43,"['rock', 'grass']","['suction-cups', 'storm-drain']"
anorith,7,125,71,45,95,50,40,50,75,"['rock', 'bug']","['battle-armor', 'swift-swim']"
armaldo,15,682,173,75,125,100,70,80,45,"['rock', 'bug']","['battle-armor', 'swift-swim']"
feebas,6,74,40,20,15,20,10,55,80,['water'],"['swift-swim', 'oblivious', 'adaptability']"
milotic,62,1620,189,95,60,79,100,125,81,['water'],"['marvel-scale', 'competitive', 'cute-charm']"
castform,3,8,147,70,70,70,70,70,70,['normal'],['forecast']
kecleon,10,220,154,60,90,70,60,120,40,['normal'],"['color-change', 'protean']"
shuppet,6,23,59,44,75,35,63,33,45,['ghost'],"['insomnia', 'frisk', 'cursed-body']"
banette,11,125,159,64,115,65,83,63,65,['ghost'],"['insomnia', 'frisk', 'cursed-body']"
duskull,8,150,59,20,40,90,30,90,25,['ghost'],"['levitate', 'frisk']"
dusclops,16,306,159,40,70,130,60,130,25,['ghost'],"['pressure', 'frisk']"
tropius,20,1000,161,99,68,83,72,87,51,"['grass', 'flying']","['chlorophyll', 'solar-power', 'harvest']"
chimecho,6,10,159,75,50,80,95,90,65,['psychic'],['levitate']
absol,12,470,163,65,130,60,75,60,75,['dark'],"['pressure', 'super-luck', 'justified']"
wynaut,6,140,52,95,23,48,23,48,23,['psychic'],"['shadow-tag', 'telepathy']"
snorunt,7,168,60,50,50,50,50,50,50,['ice'],"['inner-focus', 'ice-body', 'moody']"
glalie,15,2565,168,80,80,80,80,80,80,['ice'],"['inner-focus', 'ice-body', 'moody']"
spheal,8,395,58,70,40,50,55,50,25,"['ice', 'water']","['thick-fat', 'ice-body', 'oblivious']"
sealeo,11,876,144,90,60,70,75,70,45,"['ice', 'water']","['thick-fat', 'ice-body', 'oblivious']"
walrein,14,1506,239,110,80,90,95,90,65,"['ice', 'water']","['thick-fat', 'ice-body', 'oblivious']"
clamperl,4,525,69,35,64,85,74,55,32,['water'],"['shell-armor', 'rattled']"
huntail,17,270,170,55,104,105,94,75,52,['water'],"['swift-swim', 'water-veil']"
gorebyss,18,226,170,55,84,105,114,75,52,['water'],"['swift-swim', 'hydration']"
relicanth,10,234,170,100,90,130,45,65,55,"['water', 'rock']","['swift-swim', 'rock-head', 'sturdy']"
luvdisc,6,87,116,43,30,55,40,65,97,['water'],"['swift-swim', 'hydration']"
bagon,6,421,60,45,75,60,40,30,50,['dragon'],"['rock-head', 'sheer-force']"
shelgon,11,1105,147,65,95,100,60,50,50,['dragon'],"['rock-head', 'overcoat']"
salamence,15,1026,270,95,135,80,110,80,100,"['dragon', 'flying']","['intimidate', 'moxie']"
beldum,6,952,60,40,55,80,35,60,30,"['steel', 'psychic']","['clear-body', 'light-metal']"
metang,12,2025,147,60,75,100,55,80,50,"['steel', 'psychic']","['clear-body', 'light-metal']"
metagross,16,5500,270,80,135,130,95,90,70,"['steel', 'psychic']","['clear-body', 'light-metal']"
regirock,17,2300,261,80,100,200,50,100,50,['rock'],"['clear-body', 'sturdy']"
regice,18,1750,261,80,50,100,100,200,50,['ice'],"['clear-body', 'ice-body']"
registeel,19,2050,261,80,75,150,75,150,50,['steel'],"['clear-body', 'light-metal']"
latias,14,400,270,80,80,90,110,130,110,"['dragon', 'psychic']",['levitate']
latios,20,600,270,80,90,80,130,110,110,"['dragon', 'psychic']",['levitate']
kyogre,45,3520,302,100,100,90,150,140,90,['water'],['drizzle']
groudon,35,9500,302,100,150,140,100,90,90,['ground'],['drought']
rayquaza,70,2065,306,105,150,90,150,90,95,"['dragon', 'flying']",['air-lock']
jirachi,3,11,270,100,100,100,100,100,100,"['steel', 'psychic']",['serene-grace']
deoxys-normal,17,608,270,50,150,50,150,50,150,['psychic'],['pressure']
turtwig,4,102,64,55,68,64,45,55,31,['grass'],"['overgrow', 'shell-armor']"
grotle,11,970,142,75,89,85,55,65,36,['grass'],"['overgrow', 'shell-armor']"
torterra,22,3100,236,95,109,105,75,85,56,"['grass', 'ground']","['overgrow', 'shell-armor']"
chimchar,5,62,62,44,58,44,58,44,61,['fire'],"['blaze', 'iron-fist']"
monferno,9,220,142,64,78,52,78,52,81,"['fire', 'fighting']","['blaze', 'iron-fist']"
infernape,12,550,240,76,104,71,104,71,108,"['fire', 'fighting']","['blaze', 'iron-fist']"
piplup,4,52,63,53,51,53,61,56,40,['water'],"['torrent', 'competitive']"
prinplup,8,230,142,64,66,68,81,76,50,['water'],"['torrent', 'competitive']"
empoleon,17,845,239,84,86,88,111,101,60,"['water', 'steel']","['torrent', 'competitive']"
starly,3,20,49,40,55,30,30,30,60,"['normal', 'flying']","['keen-eye', 'reckless']"
staravia,6,155,119,55,75,50,40,40,80,"['normal', 'flying']","['intimidate', 'reckless']"
staraptor,12,249,218,85,120,70,50,60,100,"['normal', 'flying']","['intimidate', 'reckless']"
bidoof,5,200,50,59,45,40,35,40,31,['normal'],"['simple', 'unaware', 'moody']"
bibarel,10,315,144,79,85,60,55,60,71,"['normal', 'water']","['simple', 'unaware', 'moody']"
kricketot,3,22,39,37,25,41,25,41,25,['bug'],"['shed-skin', 'run-away']"
kricketune,10,255,134,77,85,51,55,51,65,['bug'],"['swarm', 'technician']"
shinx,5,95,53,45,65,34,40,34,45,['electric'],"['rivalry', 'intimidate', 'guts']"
luxio,9,305,127,60,85,49,60,49,60,['electric'],"['rivalry', 'intimidate', 'guts']"
luxray,14,420,235,80,120,79,95,79,70,['electric'],"['rivalry', 'intimidate', 'guts']"
budew,2,12,56,40,30,35,50,70,55,"['grass', 'poison']","['natural-cure', 'poison-point', 'leaf-guard']"
roserade,9,145,232,60,70,65,125,105,90,"['grass', 'poison']","['natural-cure', 'poison-point', 'technician']"
cranidos,9,315,70,67,125,40,30,30,58,['rock'],"['mold-breaker', 'sheer-force']"
rampardos,16,1025,173,97,165,60,65,50,58,['rock'],"['mold-breaker', 'sheer-force']"
shieldon,5,570,70,30,42,118,42,88,30,"['rock', 'steel']","['sturdy', 'soundproof']"
bastiodon,13,1495,173,60,52,168,47,138,30,"['rock', 'steel']","['sturdy', 'soundproof']"
burmy,2,34,45,40,29,45,29,45,36,['bug'],"['shed-skin', 'overcoat']"
wormadam-plant,5,65,148,60,59,85,79,105,36,"['bug', 'grass']","['anticipation', 'overcoat']"
mothim,9,233,148,70,94,50,94,50,66,"['bug', 'flying']","['swarm', 'tinted-lens']"
combee,3,55,49,30,30,42,30,42,70,"['bug', 'flying']","['honey-gather', 'hustle']"
vespiquen,12,385,166,70,80,102,80,102,40,"['bug', 'flying']","['pressure', 'unnerve']"
pachirisu,4,39,142,60,45,70,45,90,95,['electric'],"['run-away', 'pickup', 'volt-absorb']"
buizel,7,295,66,55,65,35,60,30,85,['water'],"['swift-swim', 'water-veil']"
floatzel,11,335,173,85,105,55,85,50,115,['water'],"['swift-swim', 'water-veil']"
cherubi,4,33,55,45,35,45,62,53,35,['grass'],['chlorophyll']
cherrim,5,93,158,70,60,70,87,78,85,['grass'],['flower-gift']
shellos,3,63,65,76,48,48,57,62,34,['water'],"['sticky-hold', 'storm-drain', 'sand-force']"
gastrodon,9,299,166,111,83,68,92,82,39,"['water', 'ground']","['sticky-hold', 'storm-drain', 'sand-force']"
ambipom,12,203,169,75,100,66,60,66,115,['normal'],"['technician', 'pickup', 'skill-link']"
drifloon,4,12,70,90,50,34,60,44,70,"['ghost', 'flying']","['aftermath', 'unburden', 'flare-boost']"
drifblim,12,150,174,150,80,44,90,54,80,"['ghost', 'flying']","['aftermath', 'unburden', 'flare-boost']"
buneary,4,55,70,55,66,44,44,56,85,['normal'],"['run-away', 'klutz', 'limber']"
lopunny,12,333,168,65,76,84,54,96,105,['normal'],"['cute-charm', 'klutz', 'limber']"
mismagius,9,44,173,60,60,60,105,105,105,['ghost'],['levitate']
honchkrow,9,273,177,100,125,52,105,52,71,"['dark', 'flying']","['insomnia', 'super-luck', 'moxie']"
glameow,5,39,62,49,55,42,42,37,85,['normal'],"['limber', 'own-tempo', 'keen-eye']"
purugly,10,438,158,71,82,64,64,59,112,['normal'],"['thick-fat', 'own-tempo', 'defiant']"
chingling,2,6,57,45,30,50,65,50,45,['psychic'],['levitate']
stunky,4,192,66,63,63,47,41,41,74,"['poison', 'dark']","['stench', 'aftermath', 'keen-eye']"
skuntank,10,380,168,103,93,67,71,61,84,"['poison', 'dark']","['stench', 'aftermath', 'keen-eye']"
bronzor,5,605,60,57,24,86,24,86,23,"['steel', 'psychic']","['levitate', 'heatproof', 'heavy-metal']"
bronzong,13,1870,175,67,89,116,79,116,33,"['steel', 'psychic']","['levitate', 'heatproof', 'heavy-metal']"
bonsly,5,150,58,50,80,95,10,45,10,['rock'],"['sturdy', 'rock-head', 'rattled']"
mime-jr,6,130,62,20,25,45,70,90,60,"['psychic', 'fairy']","['soundproof', 'filter', 'technician']"
happiny,6,244,110,100,5,5,15,65,30,['normal'],"['natural-cure', 'serene-grace', 'friend-guard']"
chatot,5,19,144,76,65,45,92,42,91,"['normal', 'flying']","['keen-eye', 'tangled-feet', 'big-pecks']"
spiritomb,10,1080,170,50,92,108,92,108,35,"['ghost', 'dark']","['pressure', 'infiltrator']"
gible,7,205,60,58,70,45,40,45,42,"['dragon', 'ground']","['sand-veil', 'rough-skin']"
gabite,14,560,144,68,90,65,50,55,82,"['dragon', 'ground']","['sand-veil', 'rough-skin']"
garchomp,19,950,270,108,130,95,80,85,102,"['dragon', 'ground']","['sand-veil', 'rough-skin']"
munchlax,6,1050,78,135,85,40,40,85,5,['normal'],"['pickup', 'thick-fat', 'gluttony']"
riolu,7,202,57,40,70,40,35,40,60,['fighting'],"['steadfast', 'inner-focus', 'prankster']"
lucario,12,540,184,70,110,70,115,70,90,"['fighting', 'steel']","['steadfast', 'inner-focus', 'justified']"
hippopotas,8,495,66,68,72,78,38,42,32,['ground'],"['sand-stream', 'sand-force']"
hippowdon,20,3000,184,108,112,118,68,72,47,['ground'],"['sand-stream', 'sand-force']"
skorupi,8,120,66,40,50,90,30,55,65,"['poison', 'bug']","['battle-armor', 'sniper', 'keen-eye']"
drapion,13,615,175,70,90,110,60,75,95,"['poison', 'dark']","['battle-armor', 'sniper', 'keen-eye']"
croagunk,7,230,60,48,61,40,61,40,50,"['poison', 'fighting']","['anticipation', 'dry-skin', 'poison-touch']"
toxicroak,13,444,172,83,106,65,86,65,85,"['poison', 'fighting']","['anticipation', 'dry-skin', 'poison-touch']"
carnivine,14,270,159,74,100,72,90,72,46,['grass'],['levitate']
finneon,4,70,66,49,49,56,49,61,66,['water'],"['swift-swim', 'storm-drain', 'water-veil']"
lumineon,12,240,161,69,69,76,69,86,91,['water'],"['swift-swim', 'storm-drain', 'water-veil']"
mantyke,10,650,69,45,20,50,60,120,50,"['water', 'flying']","['swift-swim', 'water-absorb', 'water-veil']"
snover,10,505,67,60,62,50,62,60,40,"['grass', 'ice']","['snow-warning', 'soundproof']"
abomasnow,22,1355,173,90,92,75,92,85,60,"['grass', 'ice']","['snow-warning', 'soundproof']"
weavile,11,340,179,70,120,65,45,85,125,"['dark', 'ice']","['pressure', 'pickpocket']"
magnezone,12,1800,241,70,70,115,130,90,60,"['electric', 'steel']","['magnet-pull', 'sturdy', 'analytic']"
lickilicky,17,1400,180,110,85,95,80,95,50,['normal'],"['own-tempo', 'oblivious', 'cloud-nine']"
rhyperior,24,2828,241,115,140,130,55,55,40,"['ground', 'rock']","['lightning-rod', 'solid-rock', 'reckless']"
tangrowth,20,1286,187,100,100,125,110,50,50,['grass'],"['chlorophyll', 'leaf-guard', 'regenerator']"
electivire,18,1386,243,75,123,67,95,85,95,['electric'],"['motor-drive', 'vital-spirit']"
magmortar,16,680,243,75,95,67,125,95,83,['fire'],"['flame-body', 'vital-spirit']"
togekiss,15,380,245,85,50,95,120,115,80,"['fairy', 'flying']","['hustle', 'serene-grace', 'super-luck']"
yanmega,19,515,180,86,76,86,116,56,95,"['bug', 'flying']","['speed-boost', 'tinted-lens', 'frisk']"
leafeon,10,255,184,65,110,130,60,65,95,['grass'],"['leaf-guard', 'chlorophyll']"
glaceon,8,259,184,65,60,110,130,95,65,['ice'],"['snow-cloak', 'ice-body']"
gliscor,20,425,179,75,95,125,45,75,95,"['ground', 'flying']","['hyper-cutter', 'sand-veil', 'poison-heal']"
mamoswine,25,2910,239,110,130,80,70,60,80,"['ice', 'ground']","['oblivious', 'snow-cloak', 'thick-fat']"
porygon-z,9,340,241,85,80,70,135,75,90,['normal'],"['adaptability', 'download', 'analytic']"
gallade,16,520,233,68,125,65,65,115,80,"['psychic', 'fighting']","['steadfast', 'sharpness', 'justified']"
probopass,14,3400,184,60,55,145,75,150,40,"['rock', 'steel']","['sturdy', 'magnet-pull', 'sand-force']"
dusknoir,22,1066,236,45,100,135,65,135,45,['ghost'],"['pressure', 'frisk']"
froslass,13,266,168,70,80,70,80,70,110,"['ice', 'ghost']","['snow-cloak', 'cursed-body']"
rotom,3,3,154,50,50,77,95,77,91,"['electric', 'ghost']",['levitate']
uxie,3,3,261,75,75,130,75,130,95,['psychic'],['levitate']
mesprit,3,3,261,80,105,105,105,105,80,['psychic'],['levitate']
azelf,3,3,261,75,125,70,125,70,115,['psychic'],['levitate']
dialga,54,6830,306,100,120,120,150,100,90,"['steel', 'dragon']","['pressure', 'telepathy']"
palkia,42,3360,306,90,120,100,150,120,100,"['water', 'dragon']","['pressure', 'telepathy']"
heatran,17,4300,270,91,90,106,130,106,77,"['fire', 'steel']","['flash-fire', 'flame-body']"
regigigas,37,4200,302,110,160,110,80,110,100,['normal'],['slow-start']
giratina-altered,45,7500,306,150,100,120,100,120,90,"['ghost', 'dragon']","['pressure', 'telepathy']"
cresselia,15,856,270,120,70,110,75,120,85,['psychic'],['levitate']
phione,4,31,216,80,80,80,80,80,80,['water'],['hydration']
manaphy,3,14,270,100,100,100,100,100,100,['water'],['hydration']
darkrai,15,505,270,70,90,90,135,90,125,['dark'],['bad-dreams']
shaymin-land,2,21,270,100,100,100,100,100,100,['grass'],['natural-cure']
arceus,32,3200,324,120,120,120,120,120,120,['normal'],['multitype']
victini,4,40,270,100,100,100,100,100,100,"['psychic', 'fire']",['victory-star']
snivy,6,81,62,45,45,55,45,55,63,['grass'],"['overgrow', 'contrary']"
servine,8,160,145,60,60,75,60,75,83,['grass'],"['overgrow', 'contrary']"
serperior,33,630,238,75,75,95,75,95,113,['grass'],"['overgrow', 'contrary']"
tepig,5,99,62,65,63,45,45,45,45,['fire'],"['blaze', 'thick-fat']"
pignite,10,555,146,90,93,55,70,55,55,"['fire', 'fighting']","['blaze', 'thick-fat']"
emboar,16,1500,238,110,123,65,100,65,65,"['fire', 'fighting']","['blaze', 'reckless']"
oshawott,5,59,62,55,55,45,63,45,45,['water'],"['torrent', 'shell-armor']"
dewott,8,245,145,75,75,60,83,60,60,['water'],"['torrent', 'shell-armor']"
samurott,15,946,238,95,100,85,108,70,70,['water'],"['torrent', 'shell-armor']"
patrat,5,116,51,45,55,39,35,39,42,['normal'],"['run-away', 'keen-eye', 'analytic']"
watchog,11,270,147,60,85,69,60,69,77,['normal'],"['illuminate', 'keen-eye', 'analytic']"
lillipup,4,41,55,45,60,45,25,45,55,['normal'],"['vital-spirit', 'pickup', 'run-away']"
herdier,9,147,130,65,80,65,35,65,60,['normal'],"['intimidate', 'sand-rush', 'scrappy']"
stoutland,12,610,225,85,110,90,45,90,80,['normal'],"['intimidate', 'sand-rush', 'scrappy']"
purrloin,4,101,56,41,50,37,50,37,66,['dark'],"['limber', 'unburden', 'prankster']"
liepard,11,375,156,64,88,50,88,50,106,['dark'],"['limber', 'unburden', 'prankster']"
pansage,6,105,63,50,53,48,53,48,64,['grass'],"['gluttony', 'overgrow']"
simisage,11,305,174,75,98,63,98,63,101,['grass'],"['gluttony', 'overgrow']"
pansear,6,110,63,50,53,48,53,48,64,['fire'],"['gluttony', 'blaze']"
simisear,10,280,174,75,98,63,98,63,101,['fire'],"['gluttony', 'blaze']"
panpour,6,135,63,50,53,48,53,48,64,['water'],"['gluttony', 'torrent']"
simipour,10,290,174,75,98,63,98,63,101,['water'],"['gluttony', 'torrent']"
munna,6,233,58,76,25,45,67,55,24,['psychic'],"['forewarn', 'synchronize', 'telepathy']"
musharna,11,605,170,116,55,85,107,95,29,['psychic'],"['forewarn', 'synchronize', 'telepathy']"
pidove,3,21,53,50,55,50,36,30,43,"['normal', 'flying']","['big-pecks', 'super-luck', 'rivalry']"
tranquill,6,150,125,62,77,62,50,42,65,"['normal', 'flying']","['big-pecks', 'super-luck', 'rivalry']"
unfezant,12,290,220,80,115,80,65,55,93,"['normal', 'flying']","['big-pecks', 'super-luck', 'rivalry']"
blitzle,8,298,59,45,60,32,50,32,76,['electric'],"['lightning-rod', 'motor-drive', 'sap-sipper']"
zebstrika,16,795,174,75,100,63,80,63,116,['electric'],"['lightning-rod', 'motor-drive', 'sap-sipper']"
roggenrola,4,180,56,55,75,85,25,25,15,['rock'],"['sturdy', 'weak-armor', 'sand-force']"
boldore,9,1020,137,70,105,105,50,40,20,['rock'],"['sturdy', 'weak-armor', 'sand-force']"
gigalith,17,2600,232,85,135,130,60,80,25,['rock'],"['sturdy', 'sand-stream', 'sand-force']"
woobat,4,21,65,65,45,43,55,43,72,"['psychic', 'flying']","['unaware', 'klutz', 'simple']"
swoobat,9,105,149,67,57,55,77,55,114,"['psychic', 'flying']","['unaware', 'klutz', 'simple']"
drilbur,3,85,66,60,85,40,30,45,68,['ground'],"['sand-rush', 'sand-force', 'mold-breaker']"
excadrill,7,404,178,110,135,60,50,65,88,"['ground', 'steel']","['sand-rush', 'sand-force', 'mold-breaker']"
audino,11,310,390,103,60,86,60,86,50,['normal'],"['healer', 'regenerator', 'klutz']"
timburr,6,125,61,75,80,55,25,35,35,['fighting'],"['guts', 'sheer-force', 'iron-fist']"
gurdurr,12,400,142,85,105,85,40,50,40,['fighting'],"['guts', 'sheer-force', 'iron-fist']"
conkeldurr,14,870,227,105,140,95,55,65,45,['fighting'],"['guts', 'sheer-force', 'iron-fist']"
tympole,5,45,59,50,50,40,50,40,64,['water'],"['swift-swim', 'hydration', 'water-absorb']"
palpitoad,8,170,134,75,65,55,65,55,69,"['water', 'ground']","['swift-swim', 'hydration', 'water-absorb']"
seismitoad,15,620,229,105,95,75,85,75,74,"['water', 'ground']","['swift-swim', 'poison-touch', 'water-absorb']"
throh,13,555,163,120,100,85,30,85,45,['fighting'],"['guts', 'inner-focus', 'mold-breaker']"
sawk,14,510,163,75,125,75,30,75,85,['fighting'],"['sturdy', 'inner-focus', 'mold-breaker']"
sewaddle,3,25,62,45,53,70,40,60,42,"['bug', 'grass']","['swarm', 'chlorophyll', 'overcoat']"
swadloon,5,73,133,55,63,90,50,80,42,"['bug', 'grass']","['leaf-guard', 'chlorophyll', 'overcoat']"
leavanny,12,205,225,75,103,80,70,80,92,"['bug', 'grass']","['swarm', 'chlorophyll', 'overcoat']"
venipede,4,53,52,30,45,59,30,39,57,"['bug', 'poison']","['poison-point', 'swarm', 'speed-boost']"
whirlipede,12,585,126,40,55,99,40,79,47,"['bug', 'poison']","['poison-point', 'swarm', 'speed-boost']"
scolipede,25,2005,218,60,100,89,55,69,112,"['bug', 'poison']","['poison-point', 'swarm', 'speed-boost']"
cottonee,3,6,56,40,27,60,37,50,66,"['grass', 'fairy']","['prankster', 'infiltrator', 'chlorophyll']"
whimsicott,7,66,168,60,67,85,77,75,116,"['grass', 'fairy']","['prankster', 'infiltrator', 'chlorophyll']"
petilil,5,66,56,45,35,50,70,50,30,['grass'],"['chlorophyll', 'own-tempo', 'leaf-guard']"
lilligant,11,163,168,70,60,75,110,75,90,['grass'],"['chlorophyll', 'own-tempo', 'leaf-guard']"
basculin-red-striped,10,180,161,70,92,65,80,55,98,['water'],"['reckless', 'adaptability', 'mold-breaker']"
sandile,7,152,58,50,72,35,35,35,65,"['ground', 'dark']","['intimidate', 'moxie', 'anger-point']"
krokorok,10,334,123,60,82,45,45,45,74,"['ground', 'dark']","['intimidate', 'moxie', 'anger-point']"
krookodile,15,963,234,95,117,80,65,70,92,"['ground', 'dark']","['intimidate', 'moxie', 'anger-point']"
darumaka,6,375,63,70,90,45,15,45,50,['fire'],"['hustle', 'inner-focus']"
darmanitan-standard,13,929,168,105,140,55,30,55,95,['fire'],"['sheer-force', 'zen-mode']"
maractus,10,280,161,75,86,67,106,67,60,['grass'],"['water-absorb', 'chlorophyll', 'storm-drain']"
dwebble,3,145,65,50,65,85,35,35,55,"['bug', 'rock']","['sturdy', 'shell-armor', 'weak-armor']"
crustle,14,2000,170,70,105,125,65,75,45,"['bug', 'rock']","['sturdy', 'shell-armor', 'weak-armor']"
scraggy,6,118,70,50,75,70,35,70,48,"['dark', 'fighting']","['shed-skin', 'moxie', 'intimidate']"
scrafty,11,300,171,65,90,115,45,115,58,"['dark', 'fighting']","['shed-skin', 'moxie', 'intimidate']"
sigilyph,14,140,172,72,58,80,103,80,97,"['psychic', 'flying']","['wonder-skin', 'magic-guard', 'tinted-lens']"
yamask,5,15,61,38,30,85,55,65,30,['ghost'],['mummy']
cofagrigus,17,765,169,58,50,145,95,105,30,['ghost'],['mummy']
tirtouga,7,165,71,54,78,103,53,45,22,"['water', 'rock']","['solid-rock', 'sturdy', 'swift-swim']"
carracosta,12,810,173,74,108,133,83,65,32,"['water', 'rock']","['solid-rock', 'sturdy', 'swift-swim']"
archen,5,95,71,55,112,45,74,45,70,"['rock', 'flying']",['defeatist']
archeops,14,320,177,75,140,65,112,65,110,"['rock', 'flying']",['defeatist']
trubbish,6,310,66,50,50,62,40,62,65,['poison'],"['stench', 'sticky-hold', 'aftermath']"
garbodor,19,1073,166,80,95,82,60,82,75,['poison'],"['stench', 'weak-armor', 'aftermath']"
zorua,7,125,66,40,65,40,80,40,65,['dark'],['illusion']
zoroark,16,811,179,60,105,60,120,60,105,['dark'],['illusion']
minccino,4,58,60,55,50,40,40,40,75,['normal'],"['cute-charm', 'technician', 'skill-link']"
cinccino,5,75,165,75,95,60,65,60,115,['normal'],"['cute-charm', 'technician', 'skill-link']"
gothita,4,58,58,45,30,50,55,65,45,['psychic'],"['frisk', 'competitive', 'shadow-tag']"
gothorita,7,180,137,60,45,70,75,85,55,['psychic'],"['frisk', 'competitive', 'shadow-tag']"
gothitelle,15,440,221,70,55,95,95,110,65,['psychic'],"['frisk', 'competitive', 'shadow-tag']"
solosis,3,10,58,45,30,40,105,50,20,['psychic'],"['overcoat', 'magic-guard', 'regenerator']"
duosion,6,80,130,65,40,50,125,60,30,['psychic'],"['overcoat', 'magic-guard', 'regenerator']"
reuniclus,10,201,221,110,65,75,125,85,30,['psychic'],"['overcoat', 'magic-guard', 'regenerator']"
ducklett,5,55,61,62,44,50,44,50,55,"['water', 'flying']","['keen-eye', 'big-pecks', 'hydration']"
swanna,13,242,166,75,87,63,87,63,98,"['water', 'flying']","['keen-eye', 'big-pecks', 'hydration']"
vanillite,4,57,61,36,50,50,65,60,44,['ice'],"['ice-body', 'snow-cloak', 'weak-armor']"
vanillish,11,410,138,51,65,65,80,75,59,['ice'],"['ice-body', 'snow-cloak', 'weak-armor']"
vanilluxe,13,575,241,71,95,85,110,95,79,['ice'],"['ice-body', 'snow-warning', 'weak-armor']"
deerling,6,195,67,60,60,50,40,50,75,"['normal', 'grass']","['chlorophyll', 'sap-sipper', 'serene-grace']"
sawsbuck,19,925,166,80,100,70,60,70,95,"['normal', 'grass']","['chlorophyll', 'sap-sipper', 'serene-grace']"
emolga,4,50,150,55,75,60,75,60,103,"['electric', 'flying']","['static', 'motor-drive']"
karrablast,5,59,63,50,75,45,40,45,60,['bug'],"['swarm', 'shed-skin', 'no-guard']"
escavalier,10,330,173,70,135,105,60,105,20,"['bug', 'steel']","['swarm', 'shell-armor', 'overcoat']"
foongus,2,10,59,69,55,45,55,55,15,"['grass', 'poison']","['effect-spore', 'regenerator']"
amoonguss,6,105,162,114,85,70,85,80,30,"['grass', 'poison']","['effect-spore', 'regenerator']"
frillish,12,330,67,55,40,50,65,85,40,"['water', 'ghost']","['water-absorb', 'cursed-body', 'damp']"
jellicent,22,1350,168,100,60,70,85,105,60,"['water', 'ghost']","['water-absorb', 'cursed-body', 'damp']"
alomomola,12,316,165,165,75,80,40,45,65,['water'],"['healer', 'hydration', 'regenerator']"
joltik,1,6,64,50,47,50,57,50,65,"['bug', 'electric']","['compound-eyes', 'unnerve', 'swarm']"
galvantula,8,143,165,70,77,60,97,60,108,"['bug', 'electric']","['compound-eyes', 'unnerve', 'swarm']"
ferroseed,6,188,61,44,50,91,24,86,10,"['grass', 'steel']",['iron-barbs']
ferrothorn,10,1100,171,74,94,131,54,116,20,"['grass', 'steel']","['iron-barbs', 'anticipation']"
klink,3,210,60,40,55,70,45,60,30,['steel'],"['plus', 'minus', 'clear-body']"
klang,6,510,154,60,80,95,70,85,50,['steel'],"['plus', 'minus', 'clear-body']"
klinklang,6,810,234,60,100,115,70,85,90,['steel'],"['plus', 'minus', 'clear-body']"
tynamo,2,3,55,35,55,40,45,40,60,['electric'],['levitate']
eelektrik,12,220,142,65,85,70,75,70,40,['electric'],['levitate']
eelektross,21,805,232,85,115,80,105,80,50,['electric'],['levitate']
elgyem,5,90,67,55,55,55,85,55,30,['psychic'],"['telepathy', 'synchronize', 'analytic']"
beheeyem,10,345,170,75,75,75,125,95,40,['psychic'],"['telepathy', 'synchronize', 'analytic']"
litwick,3,31,55,50,30,55,65,55,20,"['ghost', 'fire']","['flash-fire', 'flame-body', 'infiltrator']"
lampent,6,130,130,60,40,60,95,60,55,"['ghost', 'fire']","['flash-fire', 'flame-body', 'infiltrator']"
chandelure,10,343,234,60,55,90,145,90,80,"['ghost', 'fire']","['flash-fire', 'flame-body', 'infiltrator']"
axew,6,180,64,46,87,60,30,40,57,['dragon'],"['rivalry', 'mold-breaker', 'unnerve']"
fraxure,10,360,144,66,117,70,40,50,67,['dragon'],"['rivalry', 'mold-breaker', 'unnerve']"
haxorus,18,1055,243,76,147,90,60,70,97,['dragon'],"['rivalry', 'mold-breaker', 'unnerve']"
cubchoo,5,85,61,55,70,40,60,40,40,['ice'],"['snow-cloak', 'slush-rush', 'rattled']"
beartic,26,2600,177,95,130,80,70,80,50,['ice'],"['snow-cloak', 'slush-rush', 'swift-swim']"
cryogonal,11,1480,180,80,50,50,95,135,105,['ice'],['levitate']
shelmet,4,77,61,50,40,85,40,65,25,['bug'],"['hydration', 'shell-armor', 'overcoat']"
accelgor,8,253,173,80,70,40,100,60,145,['bug'],"['hydration', 'sticky-hold', 'unburden']"
stunfisk,7,110,165,109,66,84,81,99,32,"['ground', 'electric']","['static', 'limber', 'sand-veil']"
mienfoo,9,200,70,45,85,50,55,50,65,['fighting'],"['inner-focus', 'regenerator', 'reckless']"
mienshao,14,355,179,65,125,60,95,60,105,['fighting'],"['inner-focus', 'regenerator', 'reckless']"
druddigon,16,1390,170,77,120,90,60,90,48,['dragon'],"['rough-skin', 'sheer-force', 'mold-breaker']"
golett,10,920,61,59,74,50,35,50,35,"['ground', 'ghost']","['iron-fist', 'klutz', 'no-guard']"
golurk,28,3300,169,89,124,80,55,80,55,"['ground', 'ghost']","['iron-fist', 'klutz', 'no-guard']"
pawniard,5,102,68,45,85,70,40,40,60,"['dark', 'steel']","['defiant', 'inner-focus', 'pressure']"
bisharp,16,700,172,65,125,100,60,70,70,"['dark', 'steel']","['defiant', 'inner-focus', 'pressure']"
bouffalant,16,946,172,95,110,95,40,95,55,['normal'],"['reckless', 'sap-sipper', 'soundproof']"
rufflet,5,105,70,70,83,50,37,50,60,"['normal', 'flying']","['keen-eye', 'sheer-force', 'hustle']"
braviary,15,410,179,100,123,75,57,75,80,"['normal', 'flying']","['keen-eye', 'sheer-force', 'defiant']"
vullaby,5,90,74,70,55,75,45,65,60,"['dark', 'flying']","['big-pecks', 'overcoat', 'weak-armor']"
mandibuzz,12,395,179,110,65,105,55,95,80,"['dark', 'flying']","['big-pecks', 'overcoat', 'weak-armor']"
heatmor,14,580,169,85,97,66,105,66,65,['fire'],"['gluttony', 'flash-fire', 'white-smoke']"
durant,3,330,169,58,109,112,48,48,109,"['bug', 'steel']","['swarm', 'hustle', 'truant']"
deino,8,173,60,52,65,50,45,50,38,"['dark', 'dragon']",['hustle']
zweilous,14,500,147,72,85,70,65,70,58,"['dark', 'dragon']",['hustle']
hydreigon,18,1600,270,92,105,90,125,90,98,"['dark', 'dragon']",['levitate']
larvesta,11,288,72,55,85,55,50,55,60,"['bug', 'fire']","['flame-body', 'swarm']"
volcarona,16,460,248,85,60,65,135,105,100,"['bug', 'fire']","['flame-body', 'swarm']"
cobalion,21,2500,261,91,90,129,90,72,108,"['steel', 'fighting']",['justified']
terrakion,19,2600,261,91,129,90,72,90,108,"['rock', 'fighting']",['justified']
virizion,20,2000,261,91,90,72,90,129,108,"['grass', 'fighting']",['justified']
tornadus-incarnate,15,630,261,79,115,70,125,80,111,['flying'],"['prankster', 'defiant']"
thundurus-incarnate,15,610,261,79,115,70,125,80,111,"['electric', 'flying']","['prankster', 'defiant']"
reshiram,32,3300,306,100,120,100,150,120,90,"['dragon', 'fire']",['turboblaze']
zekrom,29,3450,306,100,150,120,120,100,90,"['dragon', 'electric']",['teravolt']
landorus-incarnate,15,680,270,89,125,90,115,80,101,"['ground', 'flying']","['sand-force', 'sheer-force']"
kyurem,30,3250,297,125,130,90,130,90,95,"['dragon', 'ice']",['pressure']
keldeo-ordinary,14,485,261,91,72,90,129,90,108,"['water', 'fighting']",['justified']
meloetta-aria,6,65,270,100,77,77,128,128,90,"['normal', 'psychic']",['serene-grace']
genesect,15,825,270,71,120,95,120,95,99,"['bug', 'steel']",['download']
chespin,4,90,63,56,61,65,48,45,38,['grass'],"['overgrow', 'bulletproof']"
quilladin,7,290,142,61,78,95,56,58,57,['grass'],"['overgrow', 'bulletproof']"
chesnaught,16,900,239,88,107,122,74,75,64,"['grass', 'fighting']","['overgrow', 'bulletproof']"
fennekin,4,94,61,40,45,40,62,60,60,['fire'],"['blaze', 'magician']"
braixen,10,145,143,59,59,58,90,70,73,['fire'],"['blaze', 'magician']"
delphox,15,390,240,75,69,72,114,100,104,"['fire', 'psychic']","['blaze', 'magician']"
froakie,3,70,63,41,56,40,62,44,71,['water'],"['torrent', 'protean']"
frogadier,6,109,142,54,63,52,83,56,97,['water'],"['torrent', 'protean']"
greninja,15,400,239,72,95,67,103,71,122,"['water', 'dark']","['torrent', 'protean']"
bunnelby,4,50,47,38,36,38,32,36,57,['normal'],"['pickup', 'cheek-pouch', 'huge-power']"
diggersby,10,424,148,85,56,77,50,77,78,"['normal', 'ground']","['pickup', 'cheek-pouch', 'huge-power']"
fletchling,3,17,56,45,50,43,40,38,62,"['normal', 'flying']","['big-pecks', 'gale-wings']"
fletchinder,7,160,134,62,73,55,56,52,84,"['fire', 'flying']","['flame-body', 'gale-wings']"
talonflame,12,245,175,78,81,71,74,69,126,"['fire', 'flying']","['flame-body', 'gale-wings']"
scatterbug,3,25,40,38,35,40,27,25,35,['bug'],"['shield-dust', 'compound-eyes', 'friend-guard']"
spewpa,3,84,75,45,22,60,27,30,29,['bug'],"['shed-skin', 'friend-guard']"
vivillon,12,170,185,80,52,50,90,50,89,"['bug', 'flying']","['shield-dust', 'compound-eyes', 'friend-guard']"
litleo,6,135,74,62,50,58,73,54,72,"['fire', 'normal']","['rivalry', 'unnerve', 'moxie']"
pyroar,15,815,177,86,68,72,109,66,106,"['fire', 'normal']","['rivalry', 'unnerve', 'moxie']"
flabebe,1,1,61,44,38,39,61,79,42,['fairy'],"['flower-veil', 'symbiosis']"
floette,2,9,130,54,45,47,75,98,52,['fairy'],"['flower-veil', 'symbiosis']"
florges,11,100,248,78,65,68,112,154,75,['fairy'],"['flower-veil', 'symbiosis']"
skiddo,9,310,70,66,65,48,62,57,52,['grass'],"['sap-sipper', 'grass-pelt']"
gogoat,17,910,186,123,100,62,97,81,68,['grass'],"['sap-sipper', 'grass-pelt']"
pancham,6,80,70,67,82,62,46,48,43,['fighting'],"['iron-fist', 'mold-breaker', 'scrappy']"
pangoro,21,1360,173,95,124,78,69,71,58,"['fighting', 'dark']","['iron-fist', 'mold-breaker', 'scrappy']"
furfrou,12,280,165,75,80,60,65,90,102,['normal'],['fur-coat']
espurr,3,35,71,62,48,54,63,60,68,['psychic'],"['keen-eye', 'infiltrator', 'own-tempo']"
meowstic-male,6,85,163,74,48,76,83,81,104,['psychic'],"['keen-eye', 'infiltrator', 'prankster']"
honedge,8,20,65,45,80,100,35,37,28,"['steel', 'ghost']",['no-guard']
doublade,8,45,157,59,110,150,45,49,35,"['steel', 'ghost']",['no-guard']
aegislash-shield,17,530,234,60,50,140,50,140,60,"['steel', 'ghost']",['stance-change']
spritzee,2,5,68,78,52,60,63,65,23,['fairy'],"['healer', 'aroma-veil']"
aromatisse,8,155,162,101,72,72,99,89,29,['fairy'],"['healer', 'aroma-veil']"
swirlix,4,35,68,62,48,66,59,57,49,['fairy'],"['sweet-veil', 'unburden']"
slurpuff,8,50,168,82,80,86,85,75,72,['fairy'],"['sweet-veil', 'unburden']"
inkay,4,35,58,53,54,53,37,46,45,"['dark', 'psychic']","['contrary', 'suction-cups', 'infiltrator']"
malamar,15,470,169,86,92,88,68,75,73,"['dark', 'psychic']","['contrary', 'suction-cups', 'infiltrator']"
binacle,5,310,61,42,52,67,39,56,50,"['rock', 'water']","['tough-claws', 'sniper', 'pickpocket']"
barbaracle,13,960,175,72,105,115,54,86,68,"['rock', 'water']","['tough-claws', 'sniper', 'pickpocket']"
skrelp,5,73,64,50,60,60,60,60,30,"['poison', 'water']","['poison-point', 'poison-touch', 'adaptability']"
dragalge,18,815,173,65,75,90,97,123,44,"['poison', 'dragon']","['poison-point', 'poison-touch', 'adaptability']"
clauncher,5,83,66,50,53,62,58,63,44,['water'],['mega-launcher']
clawitzer,13,353,100,71,73,88,120,89,59,['water'],['mega-launcher']
helioptile,5,60,58,44,38,33,61,43,70,"['electric', 'normal']","['dry-skin', 'sand-veil', 'solar-power']"
heliolisk,10,210,168,62,55,52,109,94,109,"['electric', 'normal']","['dry-skin', 'sand-veil', 'solar-power']"
tyrunt,8,260,72,58,89,77,45,45,48,"['rock', 'dragon']","['strong-jaw', 'sturdy']"
tyrantrum,25,2700,182,82,121,119,69,59,71,"['rock', 'dragon']","['strong-jaw', 'rock-head']"
amaura,13,252,72,77,59,50,67,63,46,"['rock', 'ice']","['refrigerate', 'snow-warning']"
aurorus,27,2250,104,123,77,72,99,92,58,"['rock', 'ice']","['refrigerate', 'snow-warning']"
sylveon,10,235,184,95,65,65,110,130,60,['fairy'],"['cute-charm', 'pixilate']"
hawlucha,8,215,175,78,92,75,74,63,118,"['fighting', 'flying']","['limber', 'unburden', 'mold-breaker']"
dedenne,2,22,151,67,58,57,81,67,101,"['electric', 'fairy']","['cheek-pouch', 'pickup', 'plus']"
carbink,3,57,100,50,50,150,50,150,50,"['rock', 'fairy']","['clear-body', 'sturdy']"
goomy,3,28,60,45,50,35,55,75,40,['dragon'],"['sap-sipper', 'hydration', 'gooey']"
sliggoo,8,175,158,68,75,53,83,113,60,['dragon'],"['sap-sipper', 'hydration', 'gooey']"
goodra,20,1505,270,90,100,70,110,150,80,['dragon'],"['sap-sipper', 'hydration', 'gooey']"
klefki,2,30,165,57,80,91,80,87,75,"['steel', 'fairy']","['prankster', 'magician']"
phantump,4,70,62,43,70,48,50,60,38,"['ghost', 'grass']","['natural-cure', 'frisk', 'harvest']"
trevenant,15,710,166,85,110,76,65,82,56,"['ghost', 'grass']","['natural-cure', 'frisk', 'harvest']"
pumpkaboo-average,4,50,67,49,66,70,44,55,51,"['ghost', 'grass']","['pickup', 'frisk', 'insomnia']"
gourgeist-average,9,125,173,65,90,122,58,75,84,"['ghost', 'grass']","['pickup', 'frisk', 'insomnia']"
bergmite,10,995,61,55,69,85,32,35,28,['ice'],"['own-tempo', 'ice-body', 'sturdy']"
avalugg,20,5050,180,95,117,184,44,46,28,['ice'],"['own-tempo', 'ice-body', 'sturdy']"
noibat,5,80,49,40,30,35,45,40,55,"['flying', 'dragon']","['frisk', 'infiltrator', 'telepathy']"
noivern,15,850,187,85,70,80,97,80,123,"['flying', 'dragon']","['frisk', 'infiltrator', 'telepathy']"
xerneas,30,2150,306,126,131,95,131,98,99,['fairy'],['fairy-aura']
yveltal,58,2030,306,126,131,95,131,98,99,"['dark', 'flying']",['dark-aura']
zygarde-50,50,3050,270,108,100,121,81,95,95,"['dragon', 'ground']",['aura-break']
diancie,7,88,270,50,100,150,100,150,50,"['rock', 'fairy']",['clear-body']
hoopa,5,90,270,80,110,60,150,130,70,"['psychic', 'ghost']",['magician']
volcanion,17,1950,270,80,110,120,130,90,70,"['fire', 'water']",['water-absorb']
rowlet,3,15,64,68,55,55,50,50,42,"['grass', 'flying']","['overgrow', 'long-reach']"
dartrix,7,160,147,78,75,75,70,70,52,"['grass', 'flying']","['overgrow', 'long-reach']"
decidueye,16,366,239,78,107,75,100,100,70,"['grass', 'ghost']","['overgrow', 'long-reach']"
litten,4,43,64,45,65,40,60,40,70,['fire'],"['blaze', 'intimidate']"
torracat,7,250,147,65,85,50,80,50,90,['fire'],"['blaze', 'intimidate']"
incineroar,18,830,239,95,115,90,80,90,60,"['fire', 'dark']","['blaze', 'intimidate']"
popplio,4,75,64,50,54,54,66,56,40,['water'],"['torrent', 'liquid-voice']"
brionne,6,175,147,60,69,69,91,81,50,['water'],"['torrent', 'liquid-voice']"
primarina,18,440,239,80,74,74,126,116,60,"['water', 'fairy']","['torrent', 'liquid-voice']"
pikipek,3,12,53,35,75,30,30,30,65,"['normal', 'flying']","['keen-eye', 'skill-link', 'pickup']"
trumbeak,6,148,124,55,85,50,40,50,75,"['normal', 'flying']","['keen-eye', 'skill-link', 'pickup']"
toucannon,11,260,218,80,120,75,75,75,60,"['normal', 'flying']","['keen-eye', 'skill-link', 'sheer-force']"
yungoos,4,60,51,48,70,30,30,30,45,['normal'],"['stakeout', 'strong-jaw', 'adaptability']"
gumshoos,7,142,146,88,110,60,55,60,45,['normal'],"['stakeout', 'strong-jaw', 'adaptability']"
grubbin,4,44,60,47,62,45,55,45,46,['bug'],['swarm']
charjabug,5,105,140,57,82,95,55,75,36,"['bug', 'electric']",['battery']
vikavolt,15,450,225,77,70,90,145,75,43,"['bug', 'electric']",['levitate']
crabrawler,6,70,68,47,82,57,42,47,63,['fighting'],"['hyper-cutter', 'iron-fist', 'anger-point']"
crabominable,17,1800,167,97,132,77,62,67,43,"['fighting', 'ice']","['hyper-cutter', 'iron-fist', 'anger-point']"
oricorio-baile,6,34,167,75,70,70,98,70,93,"['fire', 'flying']",['dancer']
cutiefly,1,2,61,40,45,40,55,40,84,"['bug', 'fairy']","['honey-gather', 'shield-dust', 'sweet-veil']"
ribombee,2,5,162,60,55,60,95,70,124,"['bug', 'fairy']","['honey-gather', 'shield-dust', 'sweet-veil']"
rockruff,5,92,56,45,65,40,30,40,60,['rock'],"['keen-eye', 'vital-spirit', 'steadfast']"
lycanroc-midday,8,250,170,75,115,65,55,65,112,['rock'],"['keen-eye', 'sand-rush', 'steadfast']"
wishiwashi-solo,2,3,61,45,20,20,25,25,40,['water'],['schooling']
mareanie,4,80,61,50,53,62,43,52,45,"['poison', 'water']","['merciless', 'limber', 'regenerator']"
toxapex,7,145,173,50,63,152,53,142,35,"['poison', 'water']","['merciless', 'limber', 'regenerator']"
mudbray,10,1100,77,70,100,70,45,55,45,['ground'],"['own-tempo', 'stamina', 'inner-focus']"
mudsdale,25,9200,175,100,125,100,55,85,35,['ground'],"['own-tempo', 'stamina', 'inner-focus']"
dewpider,3,40,54,38,40,52,40,72,27,"['water', 'bug']","['water-bubble', 'water-absorb']"
araquanid,18,820,159,68,70,92,50,132,42,"['water', 'bug']","['water-bubble', 'water-absorb']"
fomantis,3,15,50,40,55,35,50,35,35,['grass'],"['leaf-guard', 'contrary']"
lurantis,9,185,168,70,105,90,80,90,45,['grass'],"['leaf-guard', 'contrary']"
morelull,2,15,57,40,35,55,65,75,15,"['grass', 'fairy']","['illuminate', 'effect-spore', 'rain-dish']"
shiinotic,10,115,142,60,45,80,90,100,30,"['grass', 'fairy']","['illuminate', 'effect-spore', 'rain-dish']"
salandit,6,48,64,48,44,40,71,40,77,"['poison', 'fire']","['corrosion', 'oblivious']"
salazzle,12,222,168,68,64,60,111,60,117,"['poison', 'fire']","['corrosion', 'oblivious']"
stufful,5,68,68,70,75,50,45,50,50,"['normal', 'fighting']","['fluffy', 'klutz', 'cute-charm']"
bewear,21,1350,175,120,125,80,55,60,60,"['normal', 'fighting']","['fluffy', 'klutz', 'unnerve']"
bounsweet,3,32,42,42,30,38,30,38,32,['grass'],"['leaf-guard', 'oblivious', 'sweet-veil']"
steenee,7,82,102,52,40,48,40,48,62,['grass'],"['leaf-guard', 'oblivious', 'sweet-veil']"
tsareena,12,214,230,72,120,98,50,98,72,['grass'],"['leaf-guard', 'queenly-majesty', 'sweet-veil']"
comfey,1,3,170,51,52,90,82,110,100,['fairy'],"['flower-veil', 'triage', 'natural-cure']"
oranguru,15,760,172,90,60,80,90,110,60,"['normal', 'psychic']","['inner-focus', 'telepathy', 'symbiosis']"
passimian,20,828,172,100,120,90,40,60,80,['fighting'],"['receiver', 'defiant']"
wimpod,5,120,46,25,35,40,20,30,80,"['bug', 'water']",['wimp-out']
golisopod,20,1080,186,75,125,140,60,90,40,"['bug', 'water']",['emergency-exit']
sandygast,5,700,64,55,55,80,70,45,15,"['ghost', 'ground']","['water-compaction', 'sand-veil']"
palossand,13,2500,168,85,75,110,100,75,35,"['ghost', 'ground']","['water-compaction', 'sand-veil']"
pyukumuku,3,12,144,55,60,130,30,130,5,['water'],"['innards-out', 'unaware']"
type-null,19,1205,107,95,95,95,95,95,59,['normal'],['battle-armor']
silvally,23,1005,257,95,95,95,95,95,95,['normal'],['rks-system']
minior-red-meteor,3,400,154,60,60,100,60,100,60,"['rock', 'flying']",['shields-down']
komala,4,199,168,65,115,65,75,95,65,['normal'],['comatose']
turtonator,20,2120,170,60,78,135,91,85,36,"['fire', 'dragon']",['shell-armor']
togedemaru,3,33,152,65,98,63,40,73,96,"['electric', 'steel']","['iron-barbs', 'lightning-rod', 'sturdy']"
mimikyu-disguised,2,7,167,55,90,80,50,105,96,"['ghost', 'fairy']",['disguise']
bruxish,9,190,166,68,105,70,70,70,92,"['water', 'psychic']","['dazzling', 'strong-jaw', 'wonder-skin']"
drampa,30,1850,170,78,60,85,135,91,36,"['normal', 'dragon']","['berserk', 'sap-sipper', 'cloud-nine']"
dhelmise,39,2100,181,70,131,100,86,90,40,"['ghost', 'grass']",['steelworker']
jangmo-o,6,297,60,45,55,65,45,45,45,['dragon'],"['bulletproof', 'soundproof', 'overcoat']"
hakamo-o,12,470,147,55,75,90,65,70,65,"['dragon', 'fighting']","['bulletproof', 'soundproof', 'overcoat']"
kommo-o,16,782,270,75,110,125,100,105,85,"['dragon', 'fighting']","['bulletproof', 'soundproof', 'overcoat']"
tapu-koko,18,205,257,70,115,85,95,75,130,"['electric', 'fairy']","['electric-surge', 'telepathy']"
tapu-lele,12,186,257,70,85,75,130,115,95,"['psychic', 'fairy']","['psychic-surge', 'telepathy']"
tapu-bulu,19,455,257,70,130,115,85,95,75,"['grass', 'fairy']","['grassy-surge', 'telepathy']"
tapu-fini,13,212,257,70,75,115,95,130,85,"['water', 'fairy']","['misty-surge', 'telepathy']"
cosmog,2,1,40,43,29,31,29,31,37,['psychic'],['unaware']
cosmoem,1,9999,140,43,29,131,29,131,37,['psychic'],['sturdy']
solgaleo,34,2300,306,137,137,107,113,89,97,"['psychic', 'steel']",['full-metal-body']
lunala,40,1200,306,137,113,89,137,107,97,"['psychic', 'ghost']",['shadow-shield']
nihilego,12,555,257,109,53,47,127,131,103,"['rock', 'poison']",['beast-boost']
buzzwole,24,3336,257,107,139,139,53,53,79,"['bug', 'fighting']",['beast-boost']
pheromosa,18,250,257,71,137,37,137,37,151,"['bug', 'fighting']",['beast-boost']
xurkitree,38,1000,257,83,89,71,173,71,83,['electric'],['beast-boost']
celesteela,92,9999,257,97,101,103,107,101,61,"['steel', 'flying']",['beast-boost']
kartana,3,1,257,59,181,131,59,31,109,"['grass', 'steel']",['beast-boost']
guzzlord,55,8880,257,223,101,53,97,53,43,"['dark', 'dragon']",['beast-boost']
necrozma,24,2300,270,97,107,101,127,89,79,['psychic'],['prism-armor']
magearna,10,805,270,80,95,115,130,115,65,"['steel', 'fairy']",['soul-heart']
marshadow,7,222,270,90,125,80,90,90,125,"['fighting', 'ghost']",['technician']
poipole,6,18,189,67,73,67,73,67,73,['poison'],['beast-boost']
naganadel,36,1500,243,73,73,73,127,73,121,"['poison', 'dragon']",['beast-boost']
stakataka,55,8200,257,61,131,211,53,101,13,"['rock', 'steel']",['beast-boost']
blacephalon,18,130,257,53,127,53,151,79,107,"['fire', 'ghost']",['beast-boost']
zeraora,15,445,270,88,112,75,102,80,143,['electric'],['volt-absorb']
meltan,2,80,135,46,65,65,55,35,34,['steel'],['magnet-pull']
melmetal,25,8000,270,135,143,143,80,65,34,['steel'],['iron-fist']
grookey,3,50,62,50,65,50,40,40,65,['grass'],"['overgrow', 'grassy-surge']"
thwackey,7,140,147,70,85,70,55,60,80,['grass'],"['overgrow', 'grassy-surge']"
rillaboom,21,900,265,100,125,90,60,70,85,['grass'],"['overgrow', 'grassy-surge']"
scorbunny,3,45,62,50,71,40,40,40,69,['fire'],"['blaze', 'libero']"
raboot,6,90,147,65,86,60,55,60,94,['fire'],"['blaze', 'libero']"
cinderace,14,330,265,80,116,75,65,75,119,['fire'],"['blaze', 'libero']"
sobble,3,40,62,50,40,40,70,40,70,['water'],"['torrent', 'sniper']"
drizzile,7,115,147,65,60,55,95,55,90,['water'],"['torrent', 'sniper']"
inteleon,19,452,265,70,85,65,125,65,120,['water'],"['torrent', 'sniper']"
skwovet,3,25,55,70,55,55,35,35,25,['normal'],"['cheek-pouch', 'gluttony']"
greedent,6,60,161,120,95,95,55,75,20,['normal'],"['cheek-pouch', 'gluttony']"
rookidee,2,18,49,38,47,35,33,35,57,['flying'],"['keen-eye', 'unnerve', 'big-pecks']"
corvisquire,8,160,128,68,67,55,43,55,77,['flying'],"['keen-eye', 'unnerve', 'big-pecks']"
corviknight,22,750,248,98,87,105,53,85,67,"['flying', 'steel']","['pressure', 'unnerve', 'mirror-armor']"
blipbug,4,80,36,25,20,20,25,45,45,['bug'],"['swarm', 'compound-eyes', 'telepathy']"
dottler,4,195,117,50,35,80,50,90,30,"['bug', 'psychic']","['swarm', 'compound-eyes', 'telepathy']"
orbeetle,4,408,253,60,45,110,80,120,90,"['bug', 'psychic']","['swarm', 'frisk', 'telepathy']"
nickit,6,89,49,40,28,28,47,52,50,['dark'],"['run-away', 'unburden', 'stakeout']"
thievul,12,199,159,70,58,58,87,92,90,['dark'],"['run-away', 'unburden', 'stakeout']"
gossifleur,4,22,50,40,40,60,40,60,10,['grass'],"['cotton-down', 'regenerator', 'effect-spore']"
eldegoss,5,25,161,60,50,90,80,120,60,['grass'],"['cotton-down', 'regenerator', 'effect-spore']"
wooloo,6,60,122,42,40,55,40,45,48,['normal'],"['fluffy', 'run-away', 'bulletproof']"
dubwool,13,430,172,72,80,100,60,90,88,['normal'],"['fluffy', 'steadfast', 'bulletproof']"
chewtle,3,85,57,50,64,50,38,38,44,['water'],"['strong-jaw', 'shell-armor', 'swift-swim']"
drednaw,10,1155,170,90,115,90,48,68,74,"['water', 'rock']","['strong-jaw', 'shell-armor', 'swift-swim']"
yamper,3,135,54,59,45,50,40,50,26,['electric'],"['ball-fetch', 'rattled']"
boltund,10,340,172,69,90,60,90,60,121,['electric'],"['strong-jaw', 'competitive']"
rolycoly,3,120,48,30,40,50,40,50,30,['rock'],"['steam-engine', 'heatproof', 'flash-fire']"
carkol,11,780,144,80,60,90,60,70,50,"['rock', 'fire']","['steam-engine', 'flame-body', 'flash-fire']"
coalossal,28,3105,255,110,80,120,80,90,30,"['rock', 'fire']","['steam-engine', 'flame-body', 'flash-fire']"
applin,2,5,52,40,40,80,40,40,20,"['grass', 'dragon']","['ripen', 'gluttony', 'bulletproof']"
flapple,3,10,170,70,110,80,95,60,70,"['grass', 'dragon']","['ripen', 'gluttony', 'hustle']"
appletun,4,130,170,110,85,80,100,80,30,"['grass', 'dragon']","['ripen', 'gluttony', 'thick-fat']"
silicobra,22,76,63,52,57,75,35,50,46,['ground'],"['sand-spit', 'shed-skin', 'sand-veil']"
sandaconda,38,655,179,72,107,125,65,70,71,['ground'],"['sand-spit', 'shed-skin', 'sand-veil']"
cramorant,8,180,166,70,85,55,85,95,85,"['flying', 'water']",['gulp-missile']
arrokuda,5,10,56,41,63,40,40,30,66,['water'],"['swift-swim', 'propeller-tail']"
barraskewda,13,300,172,61,123,60,60,50,136,['water'],"['swift-swim', 'propeller-tail']"
toxel,4,110,48,40,38,35,54,35,40,"['electric', 'poison']","['rattled', 'static', 'klutz']"
toxtricity-amped,16,400,176,75,98,70,114,70,75,"['electric', 'poison']","['punk-rock', 'plus', 'technician']"
sizzlipede,7,10,61,50,65,45,50,50,45,"['fire', 'bug']","['flash-fire', 'white-smoke', 'flame-body']"
centiskorch,30,1200,184,100,115,65,90,90,65,"['fire', 'bug']","['flash-fire', 'white-smoke', 'flame-body']"
clobbopus,6,40,62,50,68,60,50,50,32,['fighting'],"['limber', 'technician']"
grapploct,16,390,168,80,118,90,70,80,42,['fighting'],"['limber', 'technician']"
sinistea,1,2,62,40,45,45,74,54,50,['ghost'],"['weak-armor', 'cursed-body']"
polteageist,2,4,178,60,65,65,134,114,70,['ghost'],"['weak-armor', 'cursed-body']"
hatenna,4,34,53,42,30,45,56,53,39,['psychic'],"['healer', 'anticipation', 'magic-bounce']"
hattrem,6,48,130,57,40,65,86,73,49,['psychic'],"['healer', 'anticipation', 'magic-bounce']"
hatterene,21,51,255,57,90,95,136,103,29,"['psychic', 'fairy']","['healer', 'anticipation', 'magic-bounce']"
impidimp,4,55,53,45,45,30,55,40,50,"['dark', 'fairy']","['prankster', 'frisk', 'pickpocket']"
morgrem,8,125,130,65,60,45,75,55,70,"['dark', 'fairy']","['prankster', 'frisk', 'pickpocket']"
grimmsnarl,15,610,255,95,120,65,95,75,60,"['dark', 'fairy']","['prankster', 'frisk', 'pickpocket']"
obstagoon,16,460,260,93,90,101,60,81,95,"['dark', 'normal']","['reckless', 'guts', 'defiant']"
perrserker,8,280,154,70,110,100,50,60,50,['steel'],"['battle-armor', 'tough-claws', 'steely-spirit']"
cursola,10,4,179,60,95,50,145,130,30,['ghost'],"['weak-armor', 'perish-body']"
sirfetchd,8,1170,177,62,135,95,68,82,65,['fighting'],"['steadfast', 'scrappy']"
mr-rime,15,582,182,80,85,75,110,100,70,"['ice', 'psychic']","['tangled-feet', 'screen-cleaner', 'ice-body']"
runerigus,16,666,169,58,95,145,50,105,30,"['ground', 'ghost']",['wandering-spirit']
milcery,2,3,54,45,40,40,50,61,34,['fairy'],"['sweet-veil', 'aroma-veil']"
alcremie,3,5,173,65,60,75,110,121,64,['fairy'],"['sweet-veil', 'aroma-veil']"
falinks,30,620,165,65,100,100,70,60,75,['fighting'],"['battle-armor', 'defiant']"
pincurchin,3,10,152,48,101,95,91,85,15,['electric'],"['lightning-rod', 'electric-surge']"
snom,3,38,37,30,25,35,45,30,20,"['ice', 'bug']","['shield-dust', 'ice-scales']"
frosmoth,13,420,166,70,65,60,125,90,65,"['ice', 'bug']","['shield-dust', 'ice-scales']"
stonjourner,25,5200,165,100,125,135,20,20,70,['rock'],['power-spot']
eiscue-ice,14,890,165,75,80,110,65,90,50,['ice'],['ice-face']
indeedee-male,9,280,166,60,65,55,105,95,95,"['psychic', 'normal']","['inner-focus', 'synchronize', 'psychic-surge']"
morpeko-full-belly,3,30,153,58,95,58,70,58,97,"['electric', 'dark']",['hunger-switch']
cufant,12,1000,66,72,80,49,40,49,40,['steel'],"['sheer-force', 'heavy-metal']"
copperajah,30,6500,175,122,130,69,80,69,30,['steel'],"['sheer-force', 'heavy-metal']"
dracozolt,18,1900,177,90,100,90,80,70,75,"['electric', 'dragon']","['volt-absorb', 'hustle', 'sand-rush']"
arctozolt,23,1500,177,90,100,90,90,80,55,"['electric', 'ice']","['volt-absorb', 'static', 'slush-rush']"
dracovish,23,2150,177,90,90,100,70,80,75,"['water', 'dragon']","['water-absorb', 'strong-jaw', 'sand-rush']"
arctovish,20,1750,177,90,90,100,80,90,55,"['water', 'ice']","['water-absorb', 'ice-body', 'slush-rush']"
duraludon,18,400,187,70,95,115,120,50,85,"['steel', 'dragon']","['light-metal', 'heavy-metal', 'stalwart']"
dreepy,5,20,54,28,60,30,40,30,82,"['dragon', 'ghost']","['clear-body', 'infiltrator', 'cursed-body']"
drakloak,14,110,144,68,80,50,60,50,102,"['dragon', 'ghost']","['clear-body', 'infiltrator', 'cursed-body']"
dragapult,30,500,300,88,120,75,100,75,142,"['dragon', 'ghost']","['clear-body', 'infiltrator', 'cursed-body']"
zacian,28,1100,335,92,120,115,80,115,138,['fairy'],['intrepid-sword']
zamazenta,29,2100,335,92,120,115,80,115,138,['fighting'],['dauntless-shield']
eternatus,200,9500,345,140,85,95,145,95,130,"['poison', 'dragon']",['pressure']
kubfu,6,120,77,60,90,60,53,50,72,['fighting'],['inner-focus']
urshifu-single-strike,19,1050,275,100,130,100,63,60,97,"['fighting', 'dark']",['unseen-fist']
zarude,18,700,300,105,120,105,70,95,105,"['dark', 'grass']",['leaf-guard']
regieleki,12,1450,290,80,100,50,100,50,200,['electric'],['transistor']
regidrago,21,2000,290,200,100,50,100,50,80,['dragon'],['dragons-maw']
glastrier,22,8000,290,100,145,130,65,110,30,['ice'],['chilling-neigh']
spectrier,20,445,290,100,65,60,145,80,130,['ghost'],['grim-neigh']
calyrex,11,77,250,100,80,80,80,80,80,"['psychic', 'grass']",['unnerve']
wyrdeer,18,951,263,103,105,72,105,75,65,"['normal', 'psychic']","['intimidate', 'frisk', 'sap-sipper']"
kleavor,18,890,175,70,135,95,45,70,85,"['bug', 'rock']","['swarm', 'sheer-force', 'sharpness']"
ursaluna,24,2900,275,130,140,105,45,80,50,"['ground', 'normal']","['guts', 'bulletproof', 'unnerve']"
basculegion-male,30,1100,265,120,112,65,80,75,78,"['water', 'ghost']","['swift-swim', 'adaptability', 'mold-breaker']"
sneasler,13,430,102,80,130,60,40,80,120,"['fighting', 'poison']","['pressure', 'unburden', 'poison-touch']"
overqwil,25,605,179,85,115,95,65,65,85,"['dark', 'poison']","['poison-point', 'swift-swim', 'intimidate']"
enamorus-incarnate,16,480,116,74,115,70,135,80,106,"['fairy', 'flying']","['cute-charm', 'contrary']"
sprigatito,4,41,62,40,61,54,45,45,65,['grass'],"['overgrow', 'protean']"
floragato,9,122,144,61,80,63,60,63,83,['grass'],"['overgrow', 'protean']"
meowscarada,15,312,265,76,110,70,81,70,123,"['grass', 'dark']","['overgrow', 'protean']"
fuecoco,4,98,62,67,45,59,63,40,36,['fire'],"['blaze', 'unaware']"
crocalor,10,307,144,81,55,78,90,58,49,['fire'],"['blaze', 'unaware']"
skeledirge,16,3265,265,104,75,100,110,75,66,"['fire', 'ghost']","['blaze', 'unaware']"
quaxly,5,61,62,55,65,45,50,45,50,['water'],"['torrent', 'moxie']"
quaxwell,12,215,144,70,85,65,65,60,65,['water'],"['torrent', 'moxie']"
quaquaval,18,619,265,85,120,80,85,75,85,"['water', 'fighting']","['torrent', 'moxie']"
lechonk,5,102,51,54,45,40,35,45,35,['normal'],"['aroma-veil', 'gluttony', 'thick-fat']"
oinkologne-male,10,1200,171,110,100,75,59,80,65,['normal'],"['lingering-aroma', 'gluttony', 'thick-fat']"
tarountula,3,40,42,35,41,45,29,40,20,['bug'],"['insomnia', 'stakeout']"
spidops,10,165,141,60,79,92,52,86,35,['bug'],"['insomnia', 'stakeout']"
nymble,2,10,42,33,46,40,21,25,45,['bug'],"['swarm', 'tinted-lens']"
lokix,10,175,158,71,102,78,52,55,92,"['bug', 'dark']","['swarm', 'tinted-lens']"
pawmi,3,25,48,45,50,20,40,25,60,['electric'],"['static', 'natural-cure', 'iron-fist']"
pawmo,4,65,123,60,75,40,50,40,85,"['electric', 'fighting']","['volt-absorb', 'natural-cure', 'iron-fist']"
pawmot,9,410,245,70,115,70,70,60,105,"['electric', 'fighting']","['volt-absorb', 'natural-cure', 'iron-fist']"
tandemaus,3,18,61,50,50,45,40,45,75,['normal'],"['run-away', 'pickup', 'own-tempo']"
maushold-family-of-four,3,23,165,74,75,70,65,75,111,['normal'],"['friend-guard', 'cheek-pouch', 'technician']"
fidough,3,109,62,37,55,70,30,55,65,['fairy'],"['own-tempo', 'klutz']"
dachsbun,5,149,167,57,80,115,50,80,95,['fairy'],"['well-baked-body', 'aroma-veil']"
smoliv,3,65,52,41,35,45,58,51,30,"['grass', 'normal']","['early-bird', 'harvest']"
dolliv,6,119,124,52,53,60,78,78,33,"['grass', 'normal']","['early-bird', 'harvest']"
arboliva,14,482,255,78,69,90,125,109,39,"['grass', 'normal']","['seed-sower', 'harvest']"
squawkabilly-green-plumage,6,24,146,82,96,51,45,51,92,"['normal', 'flying']","['intimidate', 'hustle', 'guts']"
nacli,4,160,56,55,55,75,35,35,25,['rock'],"['purifying-salt', 'sturdy', 'clear-body']"
naclstack,6,1050,124,60,60,100,35,65,35,['rock'],"['purifying-salt', 'sturdy', 'clear-body']"
garganacl,23,2400,250,100,100,130,45,90,35,['rock'],"['purifying-salt', 'sturdy', 'clear-body']"
charcadet,6,105,51,40,50,40,50,40,35,['fire'],"['flash-fire', 'flame-body']"
armarouge,15,850,263,85,60,100,125,80,75,"['fire', 'psychic']","['flash-fire', 'weak-armor']"
ceruledge,16,620,263,75,125,80,60,100,85,"['fire', 'ghost']","['flash-fire', 'weak-armor']"
tadbulb,3,4,54,61,31,41,59,35,45,['electric'],"['own-tempo', 'static', 'damp']"
bellibolt,12,1130,173,109,64,91,103,83,45,['electric'],"['electromorphosis', 'static', 'damp']"
wattrel,4,36,56,40,40,35,55,40,70,"['electric', 'flying']","['wind-power', 'volt-absorb', 'competitive']"
kilowattrel,14,386,172,70,70,60,105,60,125,"['electric', 'flying']","['wind-power', 'volt-absorb', 'competitive']"
maschiff,5,160,68,60,78,60,40,51,51,['dark'],"['intimidate', 'run-away', 'stakeout']"
mabosstiff,11,610,177,80,120,90,60,70,85,['dark'],"['intimidate', 'guard-dog', 'stakeout']"
shroodle,2,7,58,40,65,35,40,35,75,"['poison', 'normal']","['unburden', 'pickpocket', 'prankster']"
grafaiai,7,272,170,63,95,65,80,72,110,"['poison', 'normal']","['unburden', 'poison-touch', 'prankster']"
bramblin,6,6,55,40,65,30,45,35,60,"['grass', 'ghost']","['wind-rider', 'infiltrator']"
brambleghast,12,60,168,55,115,70,80,70,90,"['grass', 'ghost']","['wind-rider', 'infiltrator']"
toedscool,9,330,67,40,40,35,50,100,70,"['ground', 'grass']","['mycelium-might', 'mycelium-might']"
toedscruel,19,580,180,80,70,65,80,120,100,"['ground', 'grass']","['mycelium-might', 'mycelium-might']"
klawf,13,790,158,70,100,115,35,55,75,['rock'],"['anger-shell', 'shell-armor', 'regenerator']"
capsakid,3,30,61,50,62,40,62,40,50,['grass'],"['chlorophyll', 'insomnia', 'klutz']"
scovillain,9,150,170,65,108,65,108,65,75,"['grass', 'fire']","['chlorophyll', 'insomnia', 'moody']"
rellor,2,10,54,41,50,60,31,58,30,['bug'],"['compound-eyes', 'shed-skin']"
rabsca,3,35,165,75,50,85,115,100,45,"['bug', 'psychic']","['synchronize', 'telepathy']"
flittle,2,15,51,30,35,30,55,30,75,['psychic'],"['anticipation', 'frisk', 'speed-boost']"
espathra,19,900,168,95,60,60,101,60,105,['psychic'],"['opportunist', 'frisk', 'speed-boost']"
tinkatink,4,89,59,50,45,45,35,64,58,"['fairy', 'steel']","['mold-breaker', 'own-tempo', 'pickpocket']"
tinkatuff,7,591,133,65,55,55,45,82,78,"['fairy', 'steel']","['mold-breaker', 'own-tempo', 'pickpocket']"
tinkaton,7,1128,253,85,75,77,70,105,94,"['fairy', 'steel']","['mold-breaker', 'own-tempo', 'pickpocket']"
wiglett,12,18,49,10,55,25,35,25,95,['water'],"['gooey', 'rattled', 'sand-veil']"
wugtrio,12,54,149,35,100,50,50,70,120,['water'],"['gooey', 'rattled', 'sand-veil']"
bombirdier,15,429,243,70,103,85,60,85,82,"['flying', 'dark']","['big-pecks', 'keen-eye', 'rocky-payload']"
finizen,13,602,63,70,45,40,45,40,75,['water'],"['water-veil', 'water-veil']"
palafin-zero,13,602,160,100,70,72,53,62,100,['water'],"['zero-to-hero', 'zero-to-hero']"
varoom,10,350,60,45,70,63,30,45,47,"['steel', 'poison']","['overcoat', 'slow-start']"
revavroom,18,1200,175,80,119,90,54,67,90,"['steel', 'poison']","['overcoat', 'filter']"
cyclizar,16,630,175,70,95,65,85,65,121,"['dragon', 'normal']","['shed-skin', 'regenerator']"
orthworm,25,3100,240,70,85,145,60,55,65,['steel'],"['earth-eater', 'sand-veil']"
glimmet,7,80,70,48,35,42,105,60,60,"['rock', 'poison']","['toxic-debris', 'corrosion']"
glimmora,15,450,184,83,55,90,130,81,86,"['rock', 'poison']","['toxic-debris', 'corrosion']"
greavard,6,350,58,50,61,60,30,55,34,['ghost'],"['pickup', 'fluffy']"
houndstone,20,150,171,72,101,100,50,97,68,['ghost'],"['sand-rush', 'fluffy']"
flamigo,16,370,175,82,115,74,75,64,90,"['flying', 'fighting']","['scrappy', 'tangled-feet', 'costar']"
cetoddle,12,450,67,108,68,45,30,40,43,['ice'],"['thick-fat', 'snow-cloak', 'sheer-force']"
cetitan,45,7000,182,170,113,65,45,55,73,['ice'],"['thick-fat', 'slush-rush', 'sheer-force']"
veluza,25,900,167,90,102,73,78,65,70,"['water', 'psychic']","['mold-breaker', 'sharpness']"
dondozo,120,2200,265,150,100,115,65,65,35,['water'],"['unaware', 'oblivious', 'water-veil']"
tatsugiri-curly,3,80,166,68,50,60,120,95,82,"['dragon', 'water']","['commander', 'storm-drain']"
annihilape,12,560,268,110,115,80,50,90,90,"['fighting', 'ghost']","['vital-spirit', 'inner-focus', 'defiant']"
clodsire,18,2230,151,130,75,60,45,100,20,"['poison', 'ground']","['poison-point', 'water-absorb', 'unaware']"
farigiraf,32,1600,260,120,90,70,110,70,60,"['normal', 'psychic']","['cud-chew', 'armor-tail', 'sap-sipper']"
dudunsparce-two-segment,36,392,182,125,100,80,85,75,55,['normal'],"['serene-grace', 'run-away', 'rattled']"
kingambit,20,1200,275,100,135,120,60,85,50,"['dark', 'steel']","['defiant', 'supreme-overlord', 'pressure']"
great-tusk,22,3200,285,115,131,131,53,53,87,"['ground', 'fighting']",['protosynthesis']
scream-tail,12,80,285,115,65,99,65,115,111,"['fairy', 'psychic']",['protosynthesis']
brute-bonnet,12,210,285,111,127,99,79,99,55,"['grass', 'dark']",['protosynthesis']
flutter-mane,14,40,285,55,55,55,135,135,135,"['ghost', 'fairy']",['protosynthesis']
slither-wing,32,920,285,85,135,79,85,105,81,"['bug', 'fighting']",['protosynthesis']
sandy-shocks,23,600,285,85,81,97,121,85,101,"['electric', 'ground']",['protosynthesis']
iron-treads,9,2400,285,90,112,120,72,70,106,"['ground', 'steel']",['quark-drive']
iron-bundle,6,110,285,56,80,114,124,60,136,"['ice', 'water']",['quark-drive']
iron-hands,18,3807,285,154,140,108,50,68,50,"['fighting', 'electric']",['quark-drive']
iron-jugulis,13,1110,285,94,80,86,122,80,108,"['dark', 'flying']",['quark-drive']
iron-moth,12,360,285,80,70,60,140,110,110,"['fire', 'poison']",['quark-drive']
iron-thorns,16,3030,285,100,134,110,70,84,72,"['rock', 'electric']",['quark-drive']
frigibax,5,170,64,65,75,45,35,45,55,"['dragon', 'ice']","['thermal-exchange', 'ice-body']"
arctibax,8,300,148,90,95,66,45,65,62,"['dragon', 'ice']","['thermal-exchange', 'ice-body']"
baxcalibur,21,2100,300,115,145,92,75,86,87,"['dragon', 'ice']","['thermal-exchange', 'ice-body']"
gimmighoul,3,50,60,45,30,70,75,70,10,['ghost'],['rattled']
gholdengo,12,300,275,87,60,95,133,91,84,"['steel', 'ghost']",['good-as-gold']
wo-chien,15,742,285,85,85,100,95,135,70,"['dark', 'grass']",['tablets-of-ruin']
chien-pao,19,1522,285,80,120,80,90,65,135,"['dark', 'ice']",['sword-of-ruin']
ting-lu,27,6997,285,155,110,125,55,80,45,"['dark', 'ground']",['vessel-of-ruin']
chi-yu,4,49,285,55,80,80,135,120,100,"['dark', 'fire']",['beads-of-ruin']
roaring-moon,20,3800,295,105,139,71,55,101,119,"['dragon', 'dark']",['protosynthesis']
iron-valiant,14,350,295,74,130,90,120,60,116,"['fairy', 'fighting']",['quark-drive']
koraidon,25,3030,335,100,135,115,85,100,135,"['fighting', 'dragon']",['orichalcum-pulse']
miraidon,35,2400,335,100,85,100,135,115,135,"['electric', 'dragon']",['hadron-engine']
walking-wake,35,2800,295,99,83,91,125,83,109,"['water', 'dragon']",['protosynthesis']
iron-leaves,15,1250,295,90,130,88,70,108,104,"['grass', 'psychic']",['quark-drive']
dipplin,4,97,170,80,80,110,95,80,40,"['grass', 'dragon']","['supersweet-syrup', 'gluttony', 'sticky-hold']"
poltchageist,1,11,62,40,45,45,74,54,50,"['grass', 'ghost']","['hospitality', 'heatproof']"
sinistcha,2,22,178,71,60,106,121,80,70,"['grass', 'ghost']","['hospitality', 'heatproof']"
okidogi,18,922,278,88,128,115,58,86,80,"['poison', 'fighting']","['toxic-chain', 'guard-dog']"
munkidori,10,122,278,88,75,66,130,90,106,"['poison', 'psychic']","['toxic-chain', 'frisk']"
fezandipiti,14,301,278,88,91,82,70,125,99,"['poison', 'fairy']","['toxic-chain', 'technician']"
ogerpon,12,398,275,80,120,84,60,96,110,['grass'],['defiant']
archaludon,20,600,300,90,105,130,125,65,85,"['steel', 'dragon']","['stamina', 'sturdy', 'stalwart']"
hydrapple,18,930,270,106,80,110,120,80,44,"['grass', 'dragon']","['supersweet-syrup', 'regenerator', 'sticky-hold']"
gouging-fire,35,5900,295,105,115,121,65,93,91,"['fire', 'dragon']",['protosynthesis']
raging-bolt,52,4800,295,125,73,91,137,89,75,"['electric', 'dragon']",['protosynthesis']
iron-boulder,15,1625,295,90,120,80,68,108,124,"['rock', 'psychic']",['quark-drive']
iron-crown,16,1560,295,90,72,100,122,108,98,"['steel', 'psychic']",['quark-drive']
terapagos,2,65,90,90,65,85,65,85,60,['normal'],['tera-shift']
pecharunt,3,3,300,88,88,160,88,88,88,"['poison', 'ghost']",['poison-puppeteer']
